-- phpMyAdmin SQL Dump
-- version 5.0.1
-- https://www.phpmyadmin.net/
--
-- Host: 127.0.0.1
-- Generation Time: May 25, 2020 at 07:35 PM
-- Server version: 10.4.11-MariaDB
-- PHP Version: 7.4.2

SET SQL_MODE = "NO_AUTO_VALUE_ON_ZERO";
SET AUTOCOMMIT = 0;
START TRANSACTION;
SET time_zone = "+00:00";


/*!40101 SET @OLD_CHARACTER_SET_CLIENT=@@CHARACTER_SET_CLIENT */;
/*!40101 SET @OLD_CHARACTER_SET_RESULTS=@@CHARACTER_SET_RESULTS */;
/*!40101 SET @OLD_COLLATION_CONNECTION=@@COLLATION_CONNECTION */;
/*!40101 SET NAMES utf8mb4 */;

--
-- Database: `final`
--

-- --------------------------------------------------------

--
-- Table structure for table `auth_group`
--

CREATE TABLE `auth_group` (
  `id` int(11) NOT NULL,
  `name` varchar(150) NOT NULL
) ENGINE=InnoDB DEFAULT CHARSET=utf8mb4;

-- --------------------------------------------------------

--
-- Table structure for table `auth_group_permissions`
--

CREATE TABLE `auth_group_permissions` (
  `id` int(11) NOT NULL,
  `group_id` int(11) NOT NULL,
  `permission_id` int(11) NOT NULL
) ENGINE=InnoDB DEFAULT CHARSET=utf8mb4;

-- --------------------------------------------------------

--
-- Table structure for table `auth_permission`
--

CREATE TABLE `auth_permission` (
  `id` int(11) NOT NULL,
  `name` varchar(255) NOT NULL,
  `content_type_id` int(11) NOT NULL,
  `codename` varchar(100) NOT NULL
) ENGINE=InnoDB DEFAULT CHARSET=utf8mb4;

--
-- Dumping data for table `auth_permission`
--

INSERT INTO `auth_permission` (`id`, `name`, `content_type_id`, `codename`) VALUES
(1, 'Can add log entry', 1, 'add_logentry'),
(2, 'Can change log entry', 1, 'change_logentry'),
(3, 'Can delete log entry', 1, 'delete_logentry'),
(4, 'Can view log entry', 1, 'view_logentry'),
(5, 'Can add permission', 2, 'add_permission'),
(6, 'Can change permission', 2, 'change_permission'),
(7, 'Can delete permission', 2, 'delete_permission'),
(8, 'Can view permission', 2, 'view_permission'),
(9, 'Can add group', 3, 'add_group'),
(10, 'Can change group', 3, 'change_group'),
(11, 'Can delete group', 3, 'delete_group'),
(12, 'Can view group', 3, 'view_group'),
(13, 'Can add user', 4, 'add_user'),
(14, 'Can change user', 4, 'change_user'),
(15, 'Can delete user', 4, 'delete_user'),
(16, 'Can view user', 4, 'view_user'),
(17, 'Can add content type', 5, 'add_contenttype'),
(18, 'Can change content type', 5, 'change_contenttype'),
(19, 'Can delete content type', 5, 'delete_contenttype'),
(20, 'Can view content type', 5, 'view_contenttype'),
(21, 'Can add session', 6, 'add_session'),
(22, 'Can change session', 6, 'change_session'),
(23, 'Can delete session', 6, 'delete_session'),
(24, 'Can view session', 6, 'view_session'),
(25, 'Can add party', 7, 'add_party'),
(26, 'Can change party', 7, 'change_party'),
(27, 'Can delete party', 7, 'delete_party'),
(28, 'Can view party', 7, 'view_party');

-- --------------------------------------------------------

--
-- Table structure for table `auth_user`
--

CREATE TABLE `auth_user` (
  `id` int(11) NOT NULL,
  `password` varchar(128) NOT NULL,
  `last_login` datetime(6) DEFAULT NULL,
  `is_superuser` tinyint(1) NOT NULL,
  `username` varchar(150) NOT NULL,
  `first_name` varchar(30) NOT NULL,
  `last_name` varchar(150) NOT NULL,
  `email` varchar(254) NOT NULL,
  `is_staff` tinyint(1) NOT NULL,
  `is_active` tinyint(1) NOT NULL,
  `date_joined` datetime(6) NOT NULL
) ENGINE=InnoDB DEFAULT CHARSET=utf8mb4;

--
-- Dumping data for table `auth_user`
--

INSERT INTO `auth_user` (`id`, `password`, `last_login`, `is_superuser`, `username`, `first_name`, `last_name`, `email`, `is_staff`, `is_active`, `date_joined`) VALUES
(5, 'pbkdf2_sha256$180000$vXvllMNefKri$P2iVPnaFMjhvFd2e/MpQRS851iioGZeaURu+1KoNARk=', '2020-05-19 09:54:26.973584', 1, 'admin', '', '', 'admin@email.com', 1, 1, '2020-05-19 06:54:24.434880'),
(10, 'pbkdf2_sha256$180000$simTTzTPJZH6$W43xM5TQU/x1IPCiYP+kYLEkjpK2PgBUEzRBmtlTMbc=', '2020-05-25 15:36:59.178395', 0, 'sasa', 'saksham', 'saproo', 'sakshamsaproo@gmail.com', 0, 1, '2020-05-19 07:17:46.567790'),
(11, 'pbkdf2_sha256$180000$lRGwI8nvyrQW$KV8H1hngYxqYX/Jnp9PUbMDjOhEjaDVWceaSXngRQro=', '2020-05-25 12:04:02.042842', 0, 'vedant', 'vedant', 'warke', 'vedant@email.com', 0, 1, '2020-05-19 08:22:53.378734'),
(12, 'pbkdf2_sha256$180000$2McOwtvRoh7k$E8mabAxSzR2UH4se6fmbSVREeG6ybc2yuRr9ZWcfHb4=', '2020-05-25 16:00:02.538344', 0, 'shreyas', 'shreyas', 'pote', 'shreyas@mail.com', 0, 1, '2020-05-19 08:24:11.838992'),
(13, 'pbkdf2_sha256$180000$2cCKJ8RlesQx$0Qqo5LoEAYb4Ylzy7AjQ09br7de6rWYP0fa8bRNycVg=', '2020-05-25 11:48:47.344451', 0, 'mahesh', 'mahesh', 'sisodiya', 'abc@gmail.com', 0, 1, '2020-05-24 17:41:29.528880');

-- --------------------------------------------------------

--
-- Table structure for table `auth_user_groups`
--

CREATE TABLE `auth_user_groups` (
  `id` int(11) NOT NULL,
  `user_id` int(11) NOT NULL,
  `group_id` int(11) NOT NULL
) ENGINE=InnoDB DEFAULT CHARSET=utf8mb4;

-- --------------------------------------------------------

--
-- Table structure for table `auth_user_user_permissions`
--

CREATE TABLE `auth_user_user_permissions` (
  `id` int(11) NOT NULL,
  `user_id` int(11) NOT NULL,
  `permission_id` int(11) NOT NULL
) ENGINE=InnoDB DEFAULT CHARSET=utf8mb4;

-- --------------------------------------------------------

--
-- Table structure for table `django_admin_log`
--

CREATE TABLE `django_admin_log` (
  `id` int(11) NOT NULL,
  `action_time` datetime(6) NOT NULL,
  `object_id` longtext DEFAULT NULL,
  `object_repr` varchar(200) NOT NULL,
  `action_flag` smallint(5) UNSIGNED NOT NULL CHECK (`action_flag` >= 0),
  `change_message` longtext NOT NULL,
  `content_type_id` int(11) DEFAULT NULL,
  `user_id` int(11) NOT NULL
) ENGINE=InnoDB DEFAULT CHARSET=utf8mb4;

--
-- Dumping data for table `django_admin_log`
--

INSERT INTO `django_admin_log` (`id`, `action_time`, `object_id`, `object_repr`, `action_flag`, `change_message`, `content_type_id`, `user_id`) VALUES
(1, '2020-05-19 07:09:45.652463', '1', 'saksham', 3, '', 4, 5),
(2, '2020-05-19 07:09:54.403780', '2', 'sasa', 3, '', 4, 5),
(3, '2020-05-19 07:09:54.407731', '4', 'sasa11', 3, '', 4, 5),
(4, '2020-05-19 07:11:56.527254', '6', 'sasa', 3, '', 4, 5),
(5, '2020-05-19 07:16:26.765870', '7', 'sasa', 3, '', 4, 5);

-- --------------------------------------------------------

--
-- Table structure for table `django_content_type`
--

CREATE TABLE `django_content_type` (
  `id` int(11) NOT NULL,
  `app_label` varchar(100) NOT NULL,
  `model` varchar(100) NOT NULL
) ENGINE=InnoDB DEFAULT CHARSET=utf8mb4;

--
-- Dumping data for table `django_content_type`
--

INSERT INTO `django_content_type` (`id`, `app_label`, `model`) VALUES
(1, 'admin', 'logentry'),
(3, 'auth', 'group'),
(2, 'auth', 'permission'),
(4, 'auth', 'user'),
(5, 'contenttypes', 'contenttype'),
(6, 'sessions', 'session'),
(7, 'voting', 'party');

-- --------------------------------------------------------

--
-- Table structure for table `django_migrations`
--

CREATE TABLE `django_migrations` (
  `id` int(11) NOT NULL,
  `app` varchar(255) NOT NULL,
  `name` varchar(255) NOT NULL,
  `applied` datetime(6) NOT NULL
) ENGINE=InnoDB DEFAULT CHARSET=utf8mb4;

--
-- Dumping data for table `django_migrations`
--

INSERT INTO `django_migrations` (`id`, `app`, `name`, `applied`) VALUES
(1, 'contenttypes', '0001_initial', '2020-05-18 04:38:11.965349'),
(2, 'auth', '0001_initial', '2020-05-18 04:38:12.284022'),
(3, 'admin', '0001_initial', '2020-05-18 04:38:13.280567'),
(4, 'admin', '0002_logentry_remove_auto_add', '2020-05-18 04:38:13.501093'),
(5, 'admin', '0003_logentry_add_action_flag_choices', '2020-05-18 04:38:13.521127'),
(6, 'contenttypes', '0002_remove_content_type_name', '2020-05-18 04:38:13.647644'),
(7, 'auth', '0002_alter_permission_name_max_length', '2020-05-18 04:38:13.767663'),
(8, 'auth', '0003_alter_user_email_max_length', '2020-05-18 04:38:13.793878'),
(9, 'auth', '0004_alter_user_username_opts', '2020-05-18 04:38:13.809877'),
(10, 'auth', '0005_alter_user_last_login_null', '2020-05-18 04:38:13.982131'),
(11, 'auth', '0006_require_contenttypes_0002', '2020-05-18 04:38:13.991619'),
(12, 'auth', '0007_alter_validators_add_error_messages', '2020-05-18 04:38:14.016191'),
(13, 'auth', '0008_alter_user_username_max_length', '2020-05-18 04:38:14.056211'),
(14, 'auth', '0009_alter_user_last_name_max_length', '2020-05-18 04:38:14.080173'),
(15, 'auth', '0010_alter_group_name_max_length', '2020-05-18 04:38:14.112198'),
(16, 'auth', '0011_update_proxy_permissions', '2020-05-18 04:38:14.128218'),
(17, 'sessions', '0001_initial', '2020-05-18 04:38:14.177243'),
(18, 'voting', '0001_initial', '2020-05-18 04:38:14.244898'),
(19, 'voting', '0002_auto_20200512_1538', '2020-05-18 04:38:14.285021');

-- --------------------------------------------------------

--
-- Table structure for table `django_session`
--

CREATE TABLE `django_session` (
  `session_key` varchar(40) NOT NULL,
  `session_data` longtext NOT NULL,
  `expire_date` datetime(6) NOT NULL
) ENGINE=InnoDB DEFAULT CHARSET=utf8mb4;

--
-- Dumping data for table `django_session`
--

INSERT INTO `django_session` (`session_key`, `session_data`, `expire_date`) VALUES
('b1d17wdb86k4wprbxkge7sl9kvyhccfk', 'MGZiMzRmYmQwZWE5MjQwNmI5MzhjMTgzYmVkOTg0MjM4YTVmZGM3Nzp7Il9hdXRoX3VzZXJfaWQiOiIxMiIsIl9hdXRoX3VzZXJfYmFja2VuZCI6ImRqYW5nby5jb250cmliLmF1dGguYmFja2VuZHMuTW9kZWxCYWNrZW5kIiwiX2F1dGhfdXNlcl9oYXNoIjoiNDQxZmJhYjcwZjQzYjg3ZjE1YWJhNmY5ZGVmYTBiYTVjM2Y0YTNjYSJ9', '2020-06-08 16:00:02.646265'),
('sfo93iqfb9z0zw8mq9i99qqq6yynd0jm', 'NzE4YTBjNzBkNGQ3MDA1ZGZmZTFkNDFiYTM4NDNlYzA2OGYwOWU5Zjp7Il9hdXRoX3VzZXJfaWQiOiI1IiwiX2F1dGhfdXNlcl9iYWNrZW5kIjoiZGphbmdvLmNvbnRyaWIuYXV0aC5iYWNrZW5kcy5Nb2RlbEJhY2tlbmQiLCJfYXV0aF91c2VyX2hhc2giOiI0NWMxNTM1MjE0MGI0NzczYWI3YWE1NmM2ZGFlNmQ3MWFlOWU1NTM2In0=', '2020-06-02 09:54:26.977558');

-- --------------------------------------------------------

--
-- Table structure for table `party`
--

CREATE TABLE `party` (
  `id` int(11) NOT NULL,
  `party_A` varchar(512) NOT NULL,
  `party_B` varchar(512) NOT NULL,
  `party_C` varchar(512) NOT NULL
) ENGINE=InnoDB DEFAULT CHARSET=utf8mb4;

--
-- Dumping data for table `party`
--

INSERT INTO `party` (`id`, `party_A`, `party_B`, `party_C`) VALUES
(1, 'gANjcGhlLnBhaWxsaWVyCkVuY3J5cHRlZE51bWJlcgpxACmBcQF9cQIoWAoAAABwdWJsaWNfa2V5cQNjcGhlLnBhaWxsaWVyClBhaWxsaWVyUHVibGljS2V5CnEEKYFxBX1xBihYAQAAAGdxB4oFmLMmhgBYAQAAAG5xCIoFl7MmhgBYBwAAAG5zcXVhcmVxCYoIEYPQ4tuJTEZYBwAAAG1heF9pbnRxCkoxkbcsdWJYHAAAAF9FbmNyeXB0ZWROdW1iZXJfX2NpcGhlcnRleHRxC4oIJafapixyzgtYCAAAAGV4cG9uZW50cQxLAFgfAAAAX0VuY3J5cHRlZE51bWJlcl9faXNfb2JmdXNjYXRlZHENiHViLg==', 'gANjcGhlLnBhaWxsaWVyCkVuY3J5cHRlZE51bWJlcgpxACmBcQF9cQIoWAoAAABwdWJsaWNfa2V5cQNjcGhlLnBhaWxsaWVyClBhaWxsaWVyUHVibGljS2V5CnEEKYFxBX1xBihYAQAAAGdxB4oFmLMmhgBYAQAAAG5xCIoFl7MmhgBYBwAAAG5zcXVhcmVxCYoIEYPQ4tuJTEZYBwAAAG1heF9pbnRxCkoxkbcsdWJYHAAAAF9FbmNyeXB0ZWROdW1iZXJfX2NpcGhlcnRleHRxC4oI/92gttOmRDhYCAAAAGV4cG9uZW50cQxLAFgfAAAAX0VuY3J5cHRlZE51bWJlcl9faXNfb2JmdXNjYXRlZHENiHViLg==', 'gANjcGhlLnBhaWxsaWVyCkVuY3J5cHRlZE51bWJlcgpxACmBcQF9cQIoWAoAAABwdWJsaWNfa2V5cQNjcGhlLnBhaWxsaWVyClBhaWxsaWVyUHVibGljS2V5CnEEKYFxBX1xBihYAQAAAGdxB4oFmLMmhgBYAQAAAG5xCIoFl7MmhgBYBwAAAG5zcXVhcmVxCYoIEYPQ4tuJTEZYBwAAAG1heF9pbnRxCkoxkbcsdWJYHAAAAF9FbmNyeXB0ZWROdW1iZXJfX2NpcGhlcnRleHRxC4oI/DTpsST9oSxYCAAAAGV4cG9uZW50cQxLAFgfAAAAX0VuY3J5cHRlZE51bWJlcl9faXNfb2JmdXNjYXRlZHENiHViLg=='),
(2, 'gANjcGhlLnBhaWxsaWVyCkVuY3J5cHRlZE51bWJlcgpxACmBcQF9cQIoWAoAAABwdWJsaWNfa2V5cQNjcGhlLnBhaWxsaWVyClBhaWxsaWVyUHVibGljS2V5CnEEKYFxBX1xBihYAQAAAGdxB4oFmLMmhgBYAQAAAG5xCIoFl7MmhgBYBwAAAG5zcXVhcmVxCYoIEYPQ4tuJTEZYBwAAAG1heF9pbnRxCkoxkbcsdWJYHAAAAF9FbmNyeXB0ZWROdW1iZXJfX2NpcGhlcnRleHRxC4oIC8U1S0bZVkBYCAAAAGV4cG9uZW50cQxLAFgfAAAAX0VuY3J5cHRlZE51bWJlcl9faXNfb2JmdXNjYXRlZHENiHViLg==', 'gANjcGhlLnBhaWxsaWVyCkVuY3J5cHRlZE51bWJlcgpxACmBcQF9cQIoWAoAAABwdWJsaWNfa2V5cQNjcGhlLnBhaWxsaWVyClBhaWxsaWVyUHVibGljS2V5CnEEKYFxBX1xBihYAQAAAGdxB4oFmLMmhgBYAQAAAG5xCIoFl7MmhgBYBwAAAG5zcXVhcmVxCYoIEYPQ4tuJTEZYBwAAAG1heF9pbnRxCkoxkbcsdWJYHAAAAF9FbmNyeXB0ZWROdW1iZXJfX2NpcGhlcnRleHRxC4oIGeBWyD8Zsy1YCAAAAGV4cG9uZW50cQxLAFgfAAAAX0VuY3J5cHRlZE51bWJlcl9faXNfb2JmdXNjYXRlZHENiHViLg==', 'gANjcGhlLnBhaWxsaWVyCkVuY3J5cHRlZE51bWJlcgpxACmBcQF9cQIoWAoAAABwdWJsaWNfa2V5cQNjcGhlLnBhaWxsaWVyClBhaWxsaWVyUHVibGljS2V5CnEEKYFxBX1xBihYAQAAAGdxB4oFmLMmhgBYAQAAAG5xCIoFl7MmhgBYBwAAAG5zcXVhcmVxCYoIEYPQ4tuJTEZYBwAAAG1heF9pbnRxCkoxkbcsdWJYHAAAAF9FbmNyeXB0ZWROdW1iZXJfX2NpcGhlcnRleHRxC4oI2ydWT813IUVYCAAAAGV4cG9uZW50cQxLAFgfAAAAX0VuY3J5cHRlZE51bWJlcl9faXNfb2JmdXNjYXRlZHENiHViLg=='),
(3, 'gANjcGhlLnBhaWxsaWVyCkVuY3J5cHRlZE51bWJlcgpxACmBcQF9cQIoWAoAAABwdWJsaWNfa2V5cQNjcGhlLnBhaWxsaWVyClBhaWxsaWVyUHVibGljS2V5CnEEKYFxBX1xBihYAQAAAGdxB4oFmLMmhgBYAQAAAG5xCIoFl7MmhgBYBwAAAG5zcXVhcmVxCYoIEYPQ4tuJTEZYBwAAAG1heF9pbnRxCkoxkbcsdWJYHAAAAF9FbmNyeXB0ZWROdW1iZXJfX2NpcGhlcnRleHRxC4oIij8qjlT0AyJYCAAAAGV4cG9uZW50cQxLAFgfAAAAX0VuY3J5cHRlZE51bWJlcl9faXNfb2JmdXNjYXRlZHENiHViLg==', 'gANjcGhlLnBhaWxsaWVyCkVuY3J5cHRlZE51bWJlcgpxACmBcQF9cQIoWAoAAABwdWJsaWNfa2V5cQNjcGhlLnBhaWxsaWVyClBhaWxsaWVyUHVibGljS2V5CnEEKYFxBX1xBihYAQAAAGdxB4oFmLMmhgBYAQAAAG5xCIoFl7MmhgBYBwAAAG5zcXVhcmVxCYoIEYPQ4tuJTEZYBwAAAG1heF9pbnRxCkoxkbcsdWJYHAAAAF9FbmNyeXB0ZWROdW1iZXJfX2NpcGhlcnRleHRxC4oIa4M/woxi6SZYCAAAAGV4cG9uZW50cQxLAFgfAAAAX0VuY3J5cHRlZE51bWJlcl9faXNfb2JmdXNjYXRlZHENiHViLg==', 'gANjcGhlLnBhaWxsaWVyCkVuY3J5cHRlZE51bWJlcgpxACmBcQF9cQIoWAoAAABwdWJsaWNfa2V5cQNjcGhlLnBhaWxsaWVyClBhaWxsaWVyUHVibGljS2V5CnEEKYFxBX1xBihYAQAAAGdxB4oFmLMmhgBYAQAAAG5xCIoFl7MmhgBYBwAAAG5zcXVhcmVxCYoIEYPQ4tuJTEZYBwAAAG1heF9pbnRxCkoxkbcsdWJYHAAAAF9FbmNyeXB0ZWROdW1iZXJfX2NpcGhlcnRleHRxC4oICqNyQF1gPxxYCAAAAGV4cG9uZW50cQxLAFgfAAAAX0VuY3J5cHRlZE51bWJlcl9faXNfb2JmdXNjYXRlZHENiHViLg=='),
(4, 'gANjcGhlLnBhaWxsaWVyCkVuY3J5cHRlZE51bWJlcgpxACmBcQF9cQIoWAoAAABwdWJsaWNfa2V5cQNjcGhlLnBhaWxsaWVyClBhaWxsaWVyUHVibGljS2V5CnEEKYFxBX1xBihYAQAAAGdxB4oFmLMmhgBYAQAAAG5xCIoFl7MmhgBYBwAAAG5zcXVhcmVxCYoIEYPQ4tuJTEZYBwAAAG1heF9pbnRxCkoxkbcsdWJYHAAAAF9FbmNyeXB0ZWROdW1iZXJfX2NpcGhlcnRleHRxC4oILMYgXFmYvzBYCAAAAGV4cG9uZW50cQxLAFgfAAAAX0VuY3J5cHRlZE51bWJlcl9faXNfb2JmdXNjYXRlZHENiHViLg==', 'gANjcGhlLnBhaWxsaWVyCkVuY3J5cHRlZE51bWJlcgpxACmBcQF9cQIoWAoAAABwdWJsaWNfa2V5cQNjcGhlLnBhaWxsaWVyClBhaWxsaWVyUHVibGljS2V5CnEEKYFxBX1xBihYAQAAAGdxB4oFmLMmhgBYAQAAAG5xCIoFl7MmhgBYBwAAAG5zcXVhcmVxCYoIEYPQ4tuJTEZYBwAAAG1heF9pbnRxCkoxkbcsdWJYHAAAAF9FbmNyeXB0ZWROdW1iZXJfX2NpcGhlcnRleHRxC4oIcKH+dzyHtEJYCAAAAGV4cG9uZW50cQxLAFgfAAAAX0VuY3J5cHRlZE51bWJlcl9faXNfb2JmdXNjYXRlZHENiHViLg==', 'gANjcGhlLnBhaWxsaWVyCkVuY3J5cHRlZE51bWJlcgpxACmBcQF9cQIoWAoAAABwdWJsaWNfa2V5cQNjcGhlLnBhaWxsaWVyClBhaWxsaWVyUHVibGljS2V5CnEEKYFxBX1xBihYAQAAAGdxB4oFmLMmhgBYAQAAAG5xCIoFl7MmhgBYBwAAAG5zcXVhcmVxCYoIEYPQ4tuJTEZYBwAAAG1heF9pbnRxCkoxkbcsdWJYHAAAAF9FbmNyeXB0ZWROdW1iZXJfX2NpcGhlcnRleHRxC4oIQsPGQlNwMxpYCAAAAGV4cG9uZW50cQxLAFgfAAAAX0VuY3J5cHRlZE51bWJlcl9faXNfb2JmdXNjYXRlZHENiHViLg=='),
(5, 'gANjcGhlLnBhaWxsaWVyCkVuY3J5cHRlZE51bWJlcgpxACmBcQF9cQIoWAoAAABwdWJsaWNfa2V5cQNjcGhlLnBhaWxsaWVyClBhaWxsaWVyUHVibGljS2V5CnEEKYFxBX1xBihYAQAAAGdxB4oFmLMmhgBYAQAAAG5xCIoFl7MmhgBYBwAAAG5zcXVhcmVxCYoIEYPQ4tuJTEZYBwAAAG1heF9pbnRxCkoxkbcsdWJYHAAAAF9FbmNyeXB0ZWROdW1iZXJfX2NpcGhlcnRleHRxC4oIhZMMPNGnJQ9YCAAAAGV4cG9uZW50cQxLAFgfAAAAX0VuY3J5cHRlZE51bWJlcl9faXNfb2JmdXNjYXRlZHENiHViLg==', 'gANjcGhlLnBhaWxsaWVyCkVuY3J5cHRlZE51bWJlcgpxACmBcQF9cQIoWAoAAABwdWJsaWNfa2V5cQNjcGhlLnBhaWxsaWVyClBhaWxsaWVyUHVibGljS2V5CnEEKYFxBX1xBihYAQAAAGdxB4oFmLMmhgBYAQAAAG5xCIoFl7MmhgBYBwAAAG5zcXVhcmVxCYoIEYPQ4tuJTEZYBwAAAG1heF9pbnRxCkoxkbcsdWJYHAAAAF9FbmNyeXB0ZWROdW1iZXJfX2NpcGhlcnRleHRxC4oIZT6XvrJDxAtYCAAAAGV4cG9uZW50cQxLAFgfAAAAX0VuY3J5cHRlZE51bWJlcl9faXNfb2JmdXNjYXRlZHENiHViLg==', 'gANjcGhlLnBhaWxsaWVyCkVuY3J5cHRlZE51bWJlcgpxACmBcQF9cQIoWAoAAABwdWJsaWNfa2V5cQNjcGhlLnBhaWxsaWVyClBhaWxsaWVyUHVibGljS2V5CnEEKYFxBX1xBihYAQAAAGdxB4oFmLMmhgBYAQAAAG5xCIoFl7MmhgBYBwAAAG5zcXVhcmVxCYoIEYPQ4tuJTEZYBwAAAG1heF9pbnRxCkoxkbcsdWJYHAAAAF9FbmNyeXB0ZWROdW1iZXJfX2NpcGhlcnRleHRxC4oIOKyy1YtYYRNYCAAAAGV4cG9uZW50cQxLAFgfAAAAX0VuY3J5cHRlZE51bWJlcl9faXNfb2JmdXNjYXRlZHENiHViLg=='),
(6, 'gANjcGhlLnBhaWxsaWVyCkVuY3J5cHRlZE51bWJlcgpxACmBcQF9cQIoWAoAAABwdWJsaWNfa2V5cQNjcGhlLnBhaWxsaWVyClBhaWxsaWVyUHVibGljS2V5CnEEKYFxBX1xBihYAQAAAGdxB4oFmLMmhgBYAQAAAG5xCIoFl7MmhgBYBwAAAG5zcXVhcmVxCYoIEYPQ4tuJTEZYBwAAAG1heF9pbnRxCkoxkbcsdWJYHAAAAF9FbmNyeXB0ZWROdW1iZXJfX2NpcGhlcnRleHRxC4oICG0MJoPWfTpYCAAAAGV4cG9uZW50cQxLAFgfAAAAX0VuY3J5cHRlZE51bWJlcl9faXNfb2JmdXNjYXRlZHENiHViLg==', 'gANjcGhlLnBhaWxsaWVyCkVuY3J5cHRlZE51bWJlcgpxACmBcQF9cQIoWAoAAABwdWJsaWNfa2V5cQNjcGhlLnBhaWxsaWVyClBhaWxsaWVyUHVibGljS2V5CnEEKYFxBX1xBihYAQAAAGdxB4oFmLMmhgBYAQAAAG5xCIoFl7MmhgBYBwAAAG5zcXVhcmVxCYoIEYPQ4tuJTEZYBwAAAG1heF9pbnRxCkoxkbcsdWJYHAAAAF9FbmNyeXB0ZWROdW1iZXJfX2NpcGhlcnRleHRxC4oIfGG9ZKKogT1YCAAAAGV4cG9uZW50cQxLAFgfAAAAX0VuY3J5cHRlZE51bWJlcl9faXNfb2JmdXNjYXRlZHENiHViLg==', 'gANjcGhlLnBhaWxsaWVyCkVuY3J5cHRlZE51bWJlcgpxACmBcQF9cQIoWAoAAABwdWJsaWNfa2V5cQNjcGhlLnBhaWxsaWVyClBhaWxsaWVyUHVibGljS2V5CnEEKYFxBX1xBihYAQAAAGdxB4oFmLMmhgBYAQAAAG5xCIoFl7MmhgBYBwAAAG5zcXVhcmVxCYoIEYPQ4tuJTEZYBwAAAG1heF9pbnRxCkoxkbcsdWJYHAAAAF9FbmNyeXB0ZWROdW1iZXJfX2NpcGhlcnRleHRxC4oI64o2n3yYLCVYCAAAAGV4cG9uZW50cQxLAFgfAAAAX0VuY3J5cHRlZE51bWJlcl9faXNfb2JmdXNjYXRlZHENiHViLg=='),
(7, 'gANjcGhlLnBhaWxsaWVyCkVuY3J5cHRlZE51bWJlcgpxACmBcQF9cQIoWAoAAABwdWJsaWNfa2V5cQNjcGhlLnBhaWxsaWVyClBhaWxsaWVyUHVibGljS2V5CnEEKYFxBX1xBihYAQAAAGdxB4oFmLMmhgBYAQAAAG5xCIoFl7MmhgBYBwAAAG5zcXVhcmVxCYoIEYPQ4tuJTEZYBwAAAG1heF9pbnRxCkoxkbcsdWJYHAAAAF9FbmNyeXB0ZWROdW1iZXJfX2NpcGhlcnRleHRxC4oIiF5ksIkt/x9YCAAAAGV4cG9uZW50cQxLAFgfAAAAX0VuY3J5cHRlZE51bWJlcl9faXNfb2JmdXNjYXRlZHENiHViLg==', 'gANjcGhlLnBhaWxsaWVyCkVuY3J5cHRlZE51bWJlcgpxACmBcQF9cQIoWAoAAABwdWJsaWNfa2V5cQNjcGhlLnBhaWxsaWVyClBhaWxsaWVyUHVibGljS2V5CnEEKYFxBX1xBihYAQAAAGdxB4oFmLMmhgBYAQAAAG5xCIoFl7MmhgBYBwAAAG5zcXVhcmVxCYoIEYPQ4tuJTEZYBwAAAG1heF9pbnRxCkoxkbcsdWJYHAAAAF9FbmNyeXB0ZWROdW1iZXJfX2NpcGhlcnRleHRxC4oIFMRWnPuSPSJYCAAAAGV4cG9uZW50cQxLAFgfAAAAX0VuY3J5cHRlZE51bWJlcl9faXNfb2JmdXNjYXRlZHENiHViLg==', 'gANjcGhlLnBhaWxsaWVyCkVuY3J5cHRlZE51bWJlcgpxACmBcQF9cQIoWAoAAABwdWJsaWNfa2V5cQNjcGhlLnBhaWxsaWVyClBhaWxsaWVyUHVibGljS2V5CnEEKYFxBX1xBihYAQAAAGdxB4oFmLMmhgBYAQAAAG5xCIoFl7MmhgBYBwAAAG5zcXVhcmVxCYoIEYPQ4tuJTEZYBwAAAG1heF9pbnRxCkoxkbcsdWJYHAAAAF9FbmNyeXB0ZWROdW1iZXJfX2NpcGhlcnRleHRxC4oIT/ocQmsc2ihYCAAAAGV4cG9uZW50cQxLAFgfAAAAX0VuY3J5cHRlZE51bWJlcl9faXNfb2JmdXNjYXRlZHENiHViLg=='),
(8, 'gANjcGhlLnBhaWxsaWVyCkVuY3J5cHRlZE51bWJlcgpxACmBcQF9cQIoWAoAAABwdWJsaWNfa2V5cQNjcGhlLnBhaWxsaWVyClBhaWxsaWVyUHVibGljS2V5CnEEKYFxBX1xBihYAQAAAGdxB4oFmLMmhgBYAQAAAG5xCIoFl7MmhgBYBwAAAG5zcXVhcmVxCYoIEYPQ4tuJTEZYBwAAAG1heF9pbnRxCkoxkbcsdWJYHAAAAF9FbmNyeXB0ZWROdW1iZXJfX2NpcGhlcnRleHRxC4oIMK1hFCjAfwFYCAAAAGV4cG9uZW50cQxLAFgfAAAAX0VuY3J5cHRlZE51bWJlcl9faXNfb2JmdXNjYXRlZHENiHViLg==', 'gANjcGhlLnBhaWxsaWVyCkVuY3J5cHRlZE51bWJlcgpxACmBcQF9cQIoWAoAAABwdWJsaWNfa2V5cQNjcGhlLnBhaWxsaWVyClBhaWxsaWVyUHVibGljS2V5CnEEKYFxBX1xBihYAQAAAGdxB4oFmLMmhgBYAQAAAG5xCIoFl7MmhgBYBwAAAG5zcXVhcmVxCYoIEYPQ4tuJTEZYBwAAAG1heF9pbnRxCkoxkbcsdWJYHAAAAF9FbmNyeXB0ZWROdW1iZXJfX2NpcGhlcnRleHRxC4oIf8KvB3/5dxRYCAAAAGV4cG9uZW50cQxLAFgfAAAAX0VuY3J5cHRlZE51bWJlcl9faXNfb2JmdXNjYXRlZHENiHViLg==', 'gANjcGhlLnBhaWxsaWVyCkVuY3J5cHRlZE51bWJlcgpxACmBcQF9cQIoWAoAAABwdWJsaWNfa2V5cQNjcGhlLnBhaWxsaWVyClBhaWxsaWVyUHVibGljS2V5CnEEKYFxBX1xBihYAQAAAGdxB4oFmLMmhgBYAQAAAG5xCIoFl7MmhgBYBwAAAG5zcXVhcmVxCYoIEYPQ4tuJTEZYBwAAAG1heF9pbnRxCkoxkbcsdWJYHAAAAF9FbmNyeXB0ZWROdW1iZXJfX2NpcGhlcnRleHRxC4oIdIyoSurw1x9YCAAAAGV4cG9uZW50cQxLAFgfAAAAX0VuY3J5cHRlZE51bWJlcl9faXNfb2JmdXNjYXRlZHENiHViLg=='),
(9, 'gANjcGhlLnBhaWxsaWVyCkVuY3J5cHRlZE51bWJlcgpxACmBcQF9cQIoWAoAAABwdWJsaWNfa2V5cQNjcGhlLnBhaWxsaWVyClBhaWxsaWVyUHVibGljS2V5CnEEKYFxBX1xBihYAQAAAGdxB4oFmLMmhgBYAQAAAG5xCIoFl7MmhgBYBwAAAG5zcXVhcmVxCYoIEYPQ4tuJTEZYBwAAAG1heF9pbnRxCkoxkbcsdWJYHAAAAF9FbmNyeXB0ZWROdW1iZXJfX2NpcGhlcnRleHRxC4oIMBPApPMhfQ9YCAAAAGV4cG9uZW50cQxLAFgfAAAAX0VuY3J5cHRlZE51bWJlcl9faXNfb2JmdXNjYXRlZHENiHViLg==', 'gANjcGhlLnBhaWxsaWVyCkVuY3J5cHRlZE51bWJlcgpxACmBcQF9cQIoWAoAAABwdWJsaWNfa2V5cQNjcGhlLnBhaWxsaWVyClBhaWxsaWVyUHVibGljS2V5CnEEKYFxBX1xBihYAQAAAGdxB4oFmLMmhgBYAQAAAG5xCIoFl7MmhgBYBwAAAG5zcXVhcmVxCYoIEYPQ4tuJTEZYBwAAAG1heF9pbnRxCkoxkbcsdWJYHAAAAF9FbmNyeXB0ZWROdW1iZXJfX2NpcGhlcnRleHRxC4oIufhEc/+g5glYCAAAAGV4cG9uZW50cQxLAFgfAAAAX0VuY3J5cHRlZE51bWJlcl9faXNfb2JmdXNjYXRlZHENiHViLg==', 'gANjcGhlLnBhaWxsaWVyCkVuY3J5cHRlZE51bWJlcgpxACmBcQF9cQIoWAoAAABwdWJsaWNfa2V5cQNjcGhlLnBhaWxsaWVyClBhaWxsaWVyUHVibGljS2V5CnEEKYFxBX1xBihYAQAAAGdxB4oFmLMmhgBYAQAAAG5xCIoFl7MmhgBYBwAAAG5zcXVhcmVxCYoIEYPQ4tuJTEZYBwAAAG1heF9pbnRxCkoxkbcsdWJYHAAAAF9FbmNyeXB0ZWROdW1iZXJfX2NpcGhlcnRleHRxC4oI5S9BaL3zi0VYCAAAAGV4cG9uZW50cQxLAFgfAAAAX0VuY3J5cHRlZE51bWJlcl9faXNfb2JmdXNjYXRlZHENiHViLg=='),
(10, 'gANjcGhlLnBhaWxsaWVyCkVuY3J5cHRlZE51bWJlcgpxACmBcQF9cQIoWAoAAABwdWJsaWNfa2V5cQNjcGhlLnBhaWxsaWVyClBhaWxsaWVyUHVibGljS2V5CnEEKYFxBX1xBihYAQAAAGdxB4oFmLMmhgBYAQAAAG5xCIoFl7MmhgBYBwAAAG5zcXVhcmVxCYoIEYPQ4tuJTEZYBwAAAG1heF9pbnRxCkoxkbcsdWJYHAAAAF9FbmNyeXB0ZWROdW1iZXJfX2NpcGhlcnRleHRxC4oIwpe3Hi/GfQVYCAAAAGV4cG9uZW50cQxLAFgfAAAAX0VuY3J5cHRlZE51bWJlcl9faXNfb2JmdXNjYXRlZHENiHViLg==', 'gANjcGhlLnBhaWxsaWVyCkVuY3J5cHRlZE51bWJlcgpxACmBcQF9cQIoWAoAAABwdWJsaWNfa2V5cQNjcGhlLnBhaWxsaWVyClBhaWxsaWVyUHVibGljS2V5CnEEKYFxBX1xBihYAQAAAGdxB4oFmLMmhgBYAQAAAG5xCIoFl7MmhgBYBwAAAG5zcXVhcmVxCYoIEYPQ4tuJTEZYBwAAAG1heF9pbnRxCkoxkbcsdWJYHAAAAF9FbmNyeXB0ZWROdW1iZXJfX2NpcGhlcnRleHRxC4oIKpVRqniwSjNYCAAAAGV4cG9uZW50cQxLAFgfAAAAX0VuY3J5cHRlZE51bWJlcl9faXNfb2JmdXNjYXRlZHENiHViLg==', 'gANjcGhlLnBhaWxsaWVyCkVuY3J5cHRlZE51bWJlcgpxACmBcQF9cQIoWAoAAABwdWJsaWNfa2V5cQNjcGhlLnBhaWxsaWVyClBhaWxsaWVyUHVibGljS2V5CnEEKYFxBX1xBihYAQAAAGdxB4oFmLMmhgBYAQAAAG5xCIoFl7MmhgBYBwAAAG5zcXVhcmVxCYoIEYPQ4tuJTEZYBwAAAG1heF9pbnRxCkoxkbcsdWJYHAAAAF9FbmNyeXB0ZWROdW1iZXJfX2NpcGhlcnRleHRxC4oIQfqU5pm9rxdYCAAAAGV4cG9uZW50cQxLAFgfAAAAX0VuY3J5cHRlZE51bWJlcl9faXNfb2JmdXNjYXRlZHENiHViLg=='),
(11, 'gANjcGhlLnBhaWxsaWVyCkVuY3J5cHRlZE51bWJlcgpxACmBcQF9cQIoWAoAAABwdWJsaWNfa2V5cQNjcGhlLnBhaWxsaWVyClBhaWxsaWVyUHVibGljS2V5CnEEKYFxBX1xBihYAQAAAGdxB4oFmLMmhgBYAQAAAG5xCIoFl7MmhgBYBwAAAG5zcXVhcmVxCYoIEYPQ4tuJTEZYBwAAAG1heF9pbnRxCkoxkbcsdWJYHAAAAF9FbmNyeXB0ZWROdW1iZXJfX2NpcGhlcnRleHRxC4oIzS07XkENMB9YCAAAAGV4cG9uZW50cQxLAFgfAAAAX0VuY3J5cHRlZE51bWJlcl9faXNfb2JmdXNjYXRlZHENiHViLg==', 'gANjcGhlLnBhaWxsaWVyCkVuY3J5cHRlZE51bWJlcgpxACmBcQF9cQIoWAoAAABwdWJsaWNfa2V5cQNjcGhlLnBhaWxsaWVyClBhaWxsaWVyUHVibGljS2V5CnEEKYFxBX1xBihYAQAAAGdxB4oFmLMmhgBYAQAAAG5xCIoFl7MmhgBYBwAAAG5zcXVhcmVxCYoIEYPQ4tuJTEZYBwAAAG1heF9pbnRxCkoxkbcsdWJYHAAAAF9FbmNyeXB0ZWROdW1iZXJfX2NpcGhlcnRleHRxC4oIN0MsLdVwmThYCAAAAGV4cG9uZW50cQxLAFgfAAAAX0VuY3J5cHRlZE51bWJlcl9faXNfb2JmdXNjYXRlZHENiHViLg==', 'gANjcGhlLnBhaWxsaWVyCkVuY3J5cHRlZE51bWJlcgpxACmBcQF9cQIoWAoAAABwdWJsaWNfa2V5cQNjcGhlLnBhaWxsaWVyClBhaWxsaWVyUHVibGljS2V5CnEEKYFxBX1xBihYAQAAAGdxB4oFmLMmhgBYAQAAAG5xCIoFl7MmhgBYBwAAAG5zcXVhcmVxCYoIEYPQ4tuJTEZYBwAAAG1heF9pbnRxCkoxkbcsdWJYHAAAAF9FbmNyeXB0ZWROdW1iZXJfX2NpcGhlcnRleHRxC4oIIFUUkxJtHgJYCAAAAGV4cG9uZW50cQxLAFgfAAAAX0VuY3J5cHRlZE51bWJlcl9faXNfb2JmdXNjYXRlZHENiHViLg=='),
(12, 'gANjcGhlLnBhaWxsaWVyCkVuY3J5cHRlZE51bWJlcgpxACmBcQF9cQIoWAoAAABwdWJsaWNfa2V5cQNjcGhlLnBhaWxsaWVyClBhaWxsaWVyUHVibGljS2V5CnEEKYFxBX1xBihYAQAAAGdxB4oFmLMmhgBYAQAAAG5xCIoFl7MmhgBYBwAAAG5zcXVhcmVxCYoIEYPQ4tuJTEZYBwAAAG1heF9pbnRxCkoxkbcsdWJYHAAAAF9FbmNyeXB0ZWROdW1iZXJfX2NpcGhlcnRleHRxC4oIhsiC6ctwWhNYCAAAAGV4cG9uZW50cQxLAFgfAAAAX0VuY3J5cHRlZE51bWJlcl9faXNfb2JmdXNjYXRlZHENiHViLg==', 'gANjcGhlLnBhaWxsaWVyCkVuY3J5cHRlZE51bWJlcgpxACmBcQF9cQIoWAoAAABwdWJsaWNfa2V5cQNjcGhlLnBhaWxsaWVyClBhaWxsaWVyUHVibGljS2V5CnEEKYFxBX1xBihYAQAAAGdxB4oFmLMmhgBYAQAAAG5xCIoFl7MmhgBYBwAAAG5zcXVhcmVxCYoIEYPQ4tuJTEZYBwAAAG1heF9pbnRxCkoxkbcsdWJYHAAAAF9FbmNyeXB0ZWROdW1iZXJfX2NpcGhlcnRleHRxC4oIulOkD8MriRZYCAAAAGV4cG9uZW50cQxLAFgfAAAAX0VuY3J5cHRlZE51bWJlcl9faXNfb2JmdXNjYXRlZHENiHViLg==', 'gANjcGhlLnBhaWxsaWVyCkVuY3J5cHRlZE51bWJlcgpxACmBcQF9cQIoWAoAAABwdWJsaWNfa2V5cQNjcGhlLnBhaWxsaWVyClBhaWxsaWVyUHVibGljS2V5CnEEKYFxBX1xBihYAQAAAGdxB4oFmLMmhgBYAQAAAG5xCIoFl7MmhgBYBwAAAG5zcXVhcmVxCYoIEYPQ4tuJTEZYBwAAAG1heF9pbnRxCkoxkbcsdWJYHAAAAF9FbmNyeXB0ZWROdW1iZXJfX2NpcGhlcnRleHRxC4oIoXT2zR26zQRYCAAAAGV4cG9uZW50cQxLAFgfAAAAX0VuY3J5cHRlZE51bWJlcl9faXNfb2JmdXNjYXRlZHENiHViLg=='),
(13, 'gANjcGhlLnBhaWxsaWVyCkVuY3J5cHRlZE51bWJlcgpxACmBcQF9cQIoWAoAAABwdWJsaWNfa2V5cQNjcGhlLnBhaWxsaWVyClBhaWxsaWVyUHVibGljS2V5CnEEKYFxBX1xBihYAQAAAGdxB4oFmLMmhgBYAQAAAG5xCIoFl7MmhgBYBwAAAG5zcXVhcmVxCYoIEYPQ4tuJTEZYBwAAAG1heF9pbnRxCkoxkbcsdWJYHAAAAF9FbmNyeXB0ZWROdW1iZXJfX2NpcGhlcnRleHRxC4oI8u9aWX/TBURYCAAAAGV4cG9uZW50cQxLAFgfAAAAX0VuY3J5cHRlZE51bWJlcl9faXNfb2JmdXNjYXRlZHENiHViLg==', 'gANjcGhlLnBhaWxsaWVyCkVuY3J5cHRlZE51bWJlcgpxACmBcQF9cQIoWAoAAABwdWJsaWNfa2V5cQNjcGhlLnBhaWxsaWVyClBhaWxsaWVyUHVibGljS2V5CnEEKYFxBX1xBihYAQAAAGdxB4oFmLMmhgBYAQAAAG5xCIoFl7MmhgBYBwAAAG5zcXVhcmVxCYoIEYPQ4tuJTEZYBwAAAG1heF9pbnRxCkoxkbcsdWJYHAAAAF9FbmNyeXB0ZWROdW1iZXJfX2NpcGhlcnRleHRxC4oIIpwuq+TZ9hdYCAAAAGV4cG9uZW50cQxLAFgfAAAAX0VuY3J5cHRlZE51bWJlcl9faXNfb2JmdXNjYXRlZHENiHViLg==', 'gANjcGhlLnBhaWxsaWVyCkVuY3J5cHRlZE51bWJlcgpxACmBcQF9cQIoWAoAAABwdWJsaWNfa2V5cQNjcGhlLnBhaWxsaWVyClBhaWxsaWVyUHVibGljS2V5CnEEKYFxBX1xBihYAQAAAGdxB4oFmLMmhgBYAQAAAG5xCIoFl7MmhgBYBwAAAG5zcXVhcmVxCYoIEYPQ4tuJTEZYBwAAAG1heF9pbnRxCkoxkbcsdWJYHAAAAF9FbmNyeXB0ZWROdW1iZXJfX2NpcGhlcnRleHRxC4oI6kMJmJh8+xpYCAAAAGV4cG9uZW50cQxLAFgfAAAAX0VuY3J5cHRlZE51bWJlcl9faXNfb2JmdXNjYXRlZHENiHViLg=='),
(14, 'gANjcGhlLnBhaWxsaWVyCkVuY3J5cHRlZE51bWJlcgpxACmBcQF9cQIoWAoAAABwdWJsaWNfa2V5cQNjcGhlLnBhaWxsaWVyClBhaWxsaWVyUHVibGljS2V5CnEEKYFxBX1xBihYAQAAAGdxB4oFmLMmhgBYAQAAAG5xCIoFl7MmhgBYBwAAAG5zcXVhcmVxCYoIEYPQ4tuJTEZYBwAAAG1heF9pbnRxCkoxkbcsdWJYHAAAAF9FbmNyeXB0ZWROdW1iZXJfX2NpcGhlcnRleHRxC4oIUdByRgAAOy9YCAAAAGV4cG9uZW50cQxLAFgfAAAAX0VuY3J5cHRlZE51bWJlcl9faXNfb2JmdXNjYXRlZHENiHViLg==', 'gANjcGhlLnBhaWxsaWVyCkVuY3J5cHRlZE51bWJlcgpxACmBcQF9cQIoWAoAAABwdWJsaWNfa2V5cQNjcGhlLnBhaWxsaWVyClBhaWxsaWVyUHVibGljS2V5CnEEKYFxBX1xBihYAQAAAGdxB4oFmLMmhgBYAQAAAG5xCIoFl7MmhgBYBwAAAG5zcXVhcmVxCYoIEYPQ4tuJTEZYBwAAAG1heF9pbnRxCkoxkbcsdWJYHAAAAF9FbmNyeXB0ZWROdW1iZXJfX2NpcGhlcnRleHRxC4oIpNhS5HjcdT9YCAAAAGV4cG9uZW50cQxLAFgfAAAAX0VuY3J5cHRlZE51bWJlcl9faXNfb2JmdXNjYXRlZHENiHViLg==', 'gANjcGhlLnBhaWxsaWVyCkVuY3J5cHRlZE51bWJlcgpxACmBcQF9cQIoWAoAAABwdWJsaWNfa2V5cQNjcGhlLnBhaWxsaWVyClBhaWxsaWVyUHVibGljS2V5CnEEKYFxBX1xBihYAQAAAGdxB4oFmLMmhgBYAQAAAG5xCIoFl7MmhgBYBwAAAG5zcXVhcmVxCYoIEYPQ4tuJTEZYBwAAAG1heF9pbnRxCkoxkbcsdWJYHAAAAF9FbmNyeXB0ZWROdW1iZXJfX2NpcGhlcnRleHRxC4oIlN9gnx1wyEVYCAAAAGV4cG9uZW50cQxLAFgfAAAAX0VuY3J5cHRlZE51bWJlcl9faXNfb2JmdXNjYXRlZHENiHViLg=='),
(15, 'gANjcGhlLnBhaWxsaWVyCkVuY3J5cHRlZE51bWJlcgpxACmBcQF9cQIoWAoAAABwdWJsaWNfa2V5cQNjcGhlLnBhaWxsaWVyClBhaWxsaWVyUHVibGljS2V5CnEEKYFxBX1xBihYAQAAAGdxB4oFmLMmhgBYAQAAAG5xCIoFl7MmhgBYBwAAAG5zcXVhcmVxCYoIEYPQ4tuJTEZYBwAAAG1heF9pbnRxCkoxkbcsdWJYHAAAAF9FbmNyeXB0ZWROdW1iZXJfX2NpcGhlcnRleHRxC4oIsO/kOb2BghRYCAAAAGV4cG9uZW50cQxLAFgfAAAAX0VuY3J5cHRlZE51bWJlcl9faXNfb2JmdXNjYXRlZHENiHViLg==', 'gANjcGhlLnBhaWxsaWVyCkVuY3J5cHRlZE51bWJlcgpxACmBcQF9cQIoWAoAAABwdWJsaWNfa2V5cQNjcGhlLnBhaWxsaWVyClBhaWxsaWVyUHVibGljS2V5CnEEKYFxBX1xBihYAQAAAGdxB4oFmLMmhgBYAQAAAG5xCIoFl7MmhgBYBwAAAG5zcXVhcmVxCYoIEYPQ4tuJTEZYBwAAAG1heF9pbnRxCkoxkbcsdWJYHAAAAF9FbmNyeXB0ZWROdW1iZXJfX2NpcGhlcnRleHRxC4oIAggYcCbyBTNYCAAAAGV4cG9uZW50cQxLAFgfAAAAX0VuY3J5cHRlZE51bWJlcl9faXNfb2JmdXNjYXRlZHENiHViLg==', 'gANjcGhlLnBhaWxsaWVyCkVuY3J5cHRlZE51bWJlcgpxACmBcQF9cQIoWAoAAABwdWJsaWNfa2V5cQNjcGhlLnBhaWxsaWVyClBhaWxsaWVyUHVibGljS2V5CnEEKYFxBX1xBihYAQAAAGdxB4oFmLMmhgBYAQAAAG5xCIoFl7MmhgBYBwAAAG5zcXVhcmVxCYoIEYPQ4tuJTEZYBwAAAG1heF9pbnRxCkoxkbcsdWJYHAAAAF9FbmNyeXB0ZWROdW1iZXJfX2NpcGhlcnRleHRxC4oIFQqoISf+qR9YCAAAAGV4cG9uZW50cQxLAFgfAAAAX0VuY3J5cHRlZE51bWJlcl9faXNfb2JmdXNjYXRlZHENiHViLg=='),
(16, 'gANjcGhlLnBhaWxsaWVyCkVuY3J5cHRlZE51bWJlcgpxACmBcQF9cQIoWAoAAABwdWJsaWNfa2V5cQNjcGhlLnBhaWxsaWVyClBhaWxsaWVyUHVibGljS2V5CnEEKYFxBX1xBihYAQAAAGdxB4oFmLMmhgBYAQAAAG5xCIoFl7MmhgBYBwAAAG5zcXVhcmVxCYoIEYPQ4tuJTEZYBwAAAG1heF9pbnRxCkoxkbcsdWJYHAAAAF9FbmNyeXB0ZWROdW1iZXJfX2NpcGhlcnRleHRxC4oIOlrzBoDeaQ1YCAAAAGV4cG9uZW50cQxLAFgfAAAAX0VuY3J5cHRlZE51bWJlcl9faXNfb2JmdXNjYXRlZHENiHViLg==', 'gANjcGhlLnBhaWxsaWVyCkVuY3J5cHRlZE51bWJlcgpxACmBcQF9cQIoWAoAAABwdWJsaWNfa2V5cQNjcGhlLnBhaWxsaWVyClBhaWxsaWVyUHVibGljS2V5CnEEKYFxBX1xBihYAQAAAGdxB4oFmLMmhgBYAQAAAG5xCIoFl7MmhgBYBwAAAG5zcXVhcmVxCYoIEYPQ4tuJTEZYBwAAAG1heF9pbnRxCkoxkbcsdWJYHAAAAF9FbmNyeXB0ZWROdW1iZXJfX2NpcGhlcnRleHRxC4oI9qy2WaeZ7jlYCAAAAGV4cG9uZW50cQxLAFgfAAAAX0VuY3J5cHRlZE51bWJlcl9faXNfb2JmdXNjYXRlZHENiHViLg==', 'gANjcGhlLnBhaWxsaWVyCkVuY3J5cHRlZE51bWJlcgpxACmBcQF9cQIoWAoAAABwdWJsaWNfa2V5cQNjcGhlLnBhaWxsaWVyClBhaWxsaWVyUHVibGljS2V5CnEEKYFxBX1xBihYAQAAAGdxB4oFmLMmhgBYAQAAAG5xCIoFl7MmhgBYBwAAAG5zcXVhcmVxCYoIEYPQ4tuJTEZYBwAAAG1heF9pbnRxCkoxkbcsdWJYHAAAAF9FbmNyeXB0ZWROdW1iZXJfX2NpcGhlcnRleHRxC4oIvvT7NpHxXANYCAAAAGV4cG9uZW50cQxLAFgfAAAAX0VuY3J5cHRlZE51bWJlcl9faXNfb2JmdXNjYXRlZHENiHViLg=='),
(17, 'gANjcGhlLnBhaWxsaWVyCkVuY3J5cHRlZE51bWJlcgpxACmBcQF9cQIoWAoAAABwdWJsaWNfa2V5cQNjcGhlLnBhaWxsaWVyClBhaWxsaWVyUHVibGljS2V5CnEEKYFxBX1xBihYAQAAAGdxB4oFmLMmhgBYAQAAAG5xCIoFl7MmhgBYBwAAAG5zcXVhcmVxCYoIEYPQ4tuJTEZYBwAAAG1heF9pbnRxCkoxkbcsdWJYHAAAAF9FbmNyeXB0ZWROdW1iZXJfX2NpcGhlcnRleHRxC4oI91QIROGM8gRYCAAAAGV4cG9uZW50cQxLAFgfAAAAX0VuY3J5cHRlZE51bWJlcl9faXNfb2JmdXNjYXRlZHENiHViLg==', 'gANjcGhlLnBhaWxsaWVyCkVuY3J5cHRlZE51bWJlcgpxACmBcQF9cQIoWAoAAABwdWJsaWNfa2V5cQNjcGhlLnBhaWxsaWVyClBhaWxsaWVyUHVibGljS2V5CnEEKYFxBX1xBihYAQAAAGdxB4oFmLMmhgBYAQAAAG5xCIoFl7MmhgBYBwAAAG5zcXVhcmVxCYoIEYPQ4tuJTEZYBwAAAG1heF9pbnRxCkoxkbcsdWJYHAAAAF9FbmNyeXB0ZWROdW1iZXJfX2NpcGhlcnRleHRxC4oIm32VxknOhC5YCAAAAGV4cG9uZW50cQxLAFgfAAAAX0VuY3J5cHRlZE51bWJlcl9faXNfb2JmdXNjYXRlZHENiHViLg==', 'gANjcGhlLnBhaWxsaWVyCkVuY3J5cHRlZE51bWJlcgpxACmBcQF9cQIoWAoAAABwdWJsaWNfa2V5cQNjcGhlLnBhaWxsaWVyClBhaWxsaWVyUHVibGljS2V5CnEEKYFxBX1xBihYAQAAAGdxB4oFmLMmhgBYAQAAAG5xCIoFl7MmhgBYBwAAAG5zcXVhcmVxCYoIEYPQ4tuJTEZYBwAAAG1heF9pbnRxCkoxkbcsdWJYHAAAAF9FbmNyeXB0ZWROdW1iZXJfX2NpcGhlcnRleHRxC4oI80xV9Z3j6jpYCAAAAGV4cG9uZW50cQxLAFgfAAAAX0VuY3J5cHRlZE51bWJlcl9faXNfb2JmdXNjYXRlZHENiHViLg=='),
(18, 'gANjcGhlLnBhaWxsaWVyCkVuY3J5cHRlZE51bWJlcgpxACmBcQF9cQIoWAoAAABwdWJsaWNfa2V5cQNjcGhlLnBhaWxsaWVyClBhaWxsaWVyUHVibGljS2V5CnEEKYFxBX1xBihYAQAAAGdxB4oFmLMmhgBYAQAAAG5xCIoFl7MmhgBYBwAAAG5zcXVhcmVxCYoIEYPQ4tuJTEZYBwAAAG1heF9pbnRxCkoxkbcsdWJYHAAAAF9FbmNyeXB0ZWROdW1iZXJfX2NpcGhlcnRleHRxC4oIiwDtPRoFKBJYCAAAAGV4cG9uZW50cQxLAFgfAAAAX0VuY3J5cHRlZE51bWJlcl9faXNfb2JmdXNjYXRlZHENiHViLg==', 'gANjcGhlLnBhaWxsaWVyCkVuY3J5cHRlZE51bWJlcgpxACmBcQF9cQIoWAoAAABwdWJsaWNfa2V5cQNjcGhlLnBhaWxsaWVyClBhaWxsaWVyUHVibGljS2V5CnEEKYFxBX1xBihYAQAAAGdxB4oFmLMmhgBYAQAAAG5xCIoFl7MmhgBYBwAAAG5zcXVhcmVxCYoIEYPQ4tuJTEZYBwAAAG1heF9pbnRxCkoxkbcsdWJYHAAAAF9FbmNyeXB0ZWROdW1iZXJfX2NpcGhlcnRleHRxC4oIW9ob4EC+/RxYCAAAAGV4cG9uZW50cQxLAFgfAAAAX0VuY3J5cHRlZE51bWJlcl9faXNfb2JmdXNjYXRlZHENiHViLg==', 'gANjcGhlLnBhaWxsaWVyCkVuY3J5cHRlZE51bWJlcgpxACmBcQF9cQIoWAoAAABwdWJsaWNfa2V5cQNjcGhlLnBhaWxsaWVyClBhaWxsaWVyUHVibGljS2V5CnEEKYFxBX1xBihYAQAAAGdxB4oFmLMmhgBYAQAAAG5xCIoFl7MmhgBYBwAAAG5zcXVhcmVxCYoIEYPQ4tuJTEZYBwAAAG1heF9pbnRxCkoxkbcsdWJYHAAAAF9FbmNyeXB0ZWROdW1iZXJfX2NpcGhlcnRleHRxC4oIGUa9V7ZxcgFYCAAAAGV4cG9uZW50cQxLAFgfAAAAX0VuY3J5cHRlZE51bWJlcl9faXNfb2JmdXNjYXRlZHENiHViLg=='),
(19, 'gANjcGhlLnBhaWxsaWVyCkVuY3J5cHRlZE51bWJlcgpxACmBcQF9cQIoWAoAAABwdWJsaWNfa2V5cQNjcGhlLnBhaWxsaWVyClBhaWxsaWVyUHVibGljS2V5CnEEKYFxBX1xBihYAQAAAGdxB4oFmLMmhgBYAQAAAG5xCIoFl7MmhgBYBwAAAG5zcXVhcmVxCYoIEYPQ4tuJTEZYBwAAAG1heF9pbnRxCkoxkbcsdWJYHAAAAF9FbmNyeXB0ZWROdW1iZXJfX2NpcGhlcnRleHRxC4oI2Q5XrNwpkQNYCAAAAGV4cG9uZW50cQxLAFgfAAAAX0VuY3J5cHRlZE51bWJlcl9faXNfb2JmdXNjYXRlZHENiHViLg==', 'gANjcGhlLnBhaWxsaWVyCkVuY3J5cHRlZE51bWJlcgpxACmBcQF9cQIoWAoAAABwdWJsaWNfa2V5cQNjcGhlLnBhaWxsaWVyClBhaWxsaWVyUHVibGljS2V5CnEEKYFxBX1xBihYAQAAAGdxB4oFmLMmhgBYAQAAAG5xCIoFl7MmhgBYBwAAAG5zcXVhcmVxCYoIEYPQ4tuJTEZYBwAAAG1heF9pbnRxCkoxkbcsdWJYHAAAAF9FbmNyeXB0ZWROdW1iZXJfX2NpcGhlcnRleHRxC4oIDIoceUGBpjVYCAAAAGV4cG9uZW50cQxLAFgfAAAAX0VuY3J5cHRlZE51bWJlcl9faXNfb2JmdXNjYXRlZHENiHViLg==', 'gANjcGhlLnBhaWxsaWVyCkVuY3J5cHRlZE51bWJlcgpxACmBcQF9cQIoWAoAAABwdWJsaWNfa2V5cQNjcGhlLnBhaWxsaWVyClBhaWxsaWVyUHVibGljS2V5CnEEKYFxBX1xBihYAQAAAGdxB4oFmLMmhgBYAQAAAG5xCIoFl7MmhgBYBwAAAG5zcXVhcmVxCYoIEYPQ4tuJTEZYBwAAAG1heF9pbnRxCkoxkbcsdWJYHAAAAF9FbmNyeXB0ZWROdW1iZXJfX2NpcGhlcnRleHRxC4oIUfnfF4//mUVYCAAAAGV4cG9uZW50cQxLAFgfAAAAX0VuY3J5cHRlZE51bWJlcl9faXNfb2JmdXNjYXRlZHENiHViLg=='),
(20, 'gANjcGhlLnBhaWxsaWVyCkVuY3J5cHRlZE51bWJlcgpxACmBcQF9cQIoWAoAAABwdWJsaWNfa2V5cQNjcGhlLnBhaWxsaWVyClBhaWxsaWVyUHVibGljS2V5CnEEKYFxBX1xBihYAQAAAGdxB4oFmLMmhgBYAQAAAG5xCIoFl7MmhgBYBwAAAG5zcXVhcmVxCYoIEYPQ4tuJTEZYBwAAAG1heF9pbnRxCkoxkbcsdWJYHAAAAF9FbmNyeXB0ZWROdW1iZXJfX2NpcGhlcnRleHRxC4oIxFkrjXSSPSZYCAAAAGV4cG9uZW50cQxLAFgfAAAAX0VuY3J5cHRlZE51bWJlcl9faXNfb2JmdXNjYXRlZHENiHViLg==', 'gANjcGhlLnBhaWxsaWVyCkVuY3J5cHRlZE51bWJlcgpxACmBcQF9cQIoWAoAAABwdWJsaWNfa2V5cQNjcGhlLnBhaWxsaWVyClBhaWxsaWVyUHVibGljS2V5CnEEKYFxBX1xBihYAQAAAGdxB4oFmLMmhgBYAQAAAG5xCIoFl7MmhgBYBwAAAG5zcXVhcmVxCYoIEYPQ4tuJTEZYBwAAAG1heF9pbnRxCkoxkbcsdWJYHAAAAF9FbmNyeXB0ZWROdW1iZXJfX2NpcGhlcnRleHRxC4oIAJSnEqEU4yxYCAAAAGV4cG9uZW50cQxLAFgfAAAAX0VuY3J5cHRlZE51bWJlcl9faXNfb2JmdXNjYXRlZHENiHViLg==', 'gANjcGhlLnBhaWxsaWVyCkVuY3J5cHRlZE51bWJlcgpxACmBcQF9cQIoWAoAAABwdWJsaWNfa2V5cQNjcGhlLnBhaWxsaWVyClBhaWxsaWVyUHVibGljS2V5CnEEKYFxBX1xBihYAQAAAGdxB4oFmLMmhgBYAQAAAG5xCIoFl7MmhgBYBwAAAG5zcXVhcmVxCYoIEYPQ4tuJTEZYBwAAAG1heF9pbnRxCkoxkbcsdWJYHAAAAF9FbmNyeXB0ZWROdW1iZXJfX2NpcGhlcnRleHRxC4oIozo6jdvLeTlYCAAAAGV4cG9uZW50cQxLAFgfAAAAX0VuY3J5cHRlZE51bWJlcl9faXNfb2JmdXNjYXRlZHENiHViLg=='),
(21, 'gANjcGhlLnBhaWxsaWVyCkVuY3J5cHRlZE51bWJlcgpxACmBcQF9cQIoWAoAAABwdWJsaWNfa2V5cQNjcGhlLnBhaWxsaWVyClBhaWxsaWVyUHVibGljS2V5CnEEKYFxBX1xBihYAQAAAGdxB4oFmLMmhgBYAQAAAG5xCIoFl7MmhgBYBwAAAG5zcXVhcmVxCYoIEYPQ4tuJTEZYBwAAAG1heF9pbnRxCkoxkbcsdWJYHAAAAF9FbmNyeXB0ZWROdW1iZXJfX2NpcGhlcnRleHRxC4oIeh1xnDJjsCtYCAAAAGV4cG9uZW50cQxLAFgfAAAAX0VuY3J5cHRlZE51bWJlcl9faXNfb2JmdXNjYXRlZHENiHViLg==', 'gANjcGhlLnBhaWxsaWVyCkVuY3J5cHRlZE51bWJlcgpxACmBcQF9cQIoWAoAAABwdWJsaWNfa2V5cQNjcGhlLnBhaWxsaWVyClBhaWxsaWVyUHVibGljS2V5CnEEKYFxBX1xBihYAQAAAGdxB4oFmLMmhgBYAQAAAG5xCIoFl7MmhgBYBwAAAG5zcXVhcmVxCYoIEYPQ4tuJTEZYBwAAAG1heF9pbnRxCkoxkbcsdWJYHAAAAF9FbmNyeXB0ZWROdW1iZXJfX2NpcGhlcnRleHRxC4oIs7U0FodNc0JYCAAAAGV4cG9uZW50cQxLAFgfAAAAX0VuY3J5cHRlZE51bWJlcl9faXNfb2JmdXNjYXRlZHENiHViLg==', 'gANjcGhlLnBhaWxsaWVyCkVuY3J5cHRlZE51bWJlcgpxACmBcQF9cQIoWAoAAABwdWJsaWNfa2V5cQNjcGhlLnBhaWxsaWVyClBhaWxsaWVyUHVibGljS2V5CnEEKYFxBX1xBihYAQAAAGdxB4oFmLMmhgBYAQAAAG5xCIoFl7MmhgBYBwAAAG5zcXVhcmVxCYoIEYPQ4tuJTEZYBwAAAG1heF9pbnRxCkoxkbcsdWJYHAAAAF9FbmNyeXB0ZWROdW1iZXJfX2NpcGhlcnRleHRxC4oIbmqD+qxA1AhYCAAAAGV4cG9uZW50cQxLAFgfAAAAX0VuY3J5cHRlZE51bWJlcl9faXNfb2JmdXNjYXRlZHENiHViLg=='),
(22, 'gANjcGhlLnBhaWxsaWVyCkVuY3J5cHRlZE51bWJlcgpxACmBcQF9cQIoWAoAAABwdWJsaWNfa2V5cQNjcGhlLnBhaWxsaWVyClBhaWxsaWVyUHVibGljS2V5CnEEKYFxBX1xBihYAQAAAGdxB4oFmLMmhgBYAQAAAG5xCIoFl7MmhgBYBwAAAG5zcXVhcmVxCYoIEYPQ4tuJTEZYBwAAAG1heF9pbnRxCkoxkbcsdWJYHAAAAF9FbmNyeXB0ZWROdW1iZXJfX2NpcGhlcnRleHRxC4oI2/rwNQNe1QZYCAAAAGV4cG9uZW50cQxLAFgfAAAAX0VuY3J5cHRlZE51bWJlcl9faXNfb2JmdXNjYXRlZHENiHViLg==', 'gANjcGhlLnBhaWxsaWVyCkVuY3J5cHRlZE51bWJlcgpxACmBcQF9cQIoWAoAAABwdWJsaWNfa2V5cQNjcGhlLnBhaWxsaWVyClBhaWxsaWVyUHVibGljS2V5CnEEKYFxBX1xBihYAQAAAGdxB4oFmLMmhgBYAQAAAG5xCIoFl7MmhgBYBwAAAG5zcXVhcmVxCYoIEYPQ4tuJTEZYBwAAAG1heF9pbnRxCkoxkbcsdWJYHAAAAF9FbmNyeXB0ZWROdW1iZXJfX2NpcGhlcnRleHRxC4oIrR/nrirCgRlYCAAAAGV4cG9uZW50cQxLAFgfAAAAX0VuY3J5cHRlZE51bWJlcl9faXNfb2JmdXNjYXRlZHENiHViLg==', 'gANjcGhlLnBhaWxsaWVyCkVuY3J5cHRlZE51bWJlcgpxACmBcQF9cQIoWAoAAABwdWJsaWNfa2V5cQNjcGhlLnBhaWxsaWVyClBhaWxsaWVyUHVibGljS2V5CnEEKYFxBX1xBihYAQAAAGdxB4oFmLMmhgBYAQAAAG5xCIoFl7MmhgBYBwAAAG5zcXVhcmVxCYoIEYPQ4tuJTEZYBwAAAG1heF9pbnRxCkoxkbcsdWJYHAAAAF9FbmNyeXB0ZWROdW1iZXJfX2NpcGhlcnRleHRxC4oIt63/f7GhpkVYCAAAAGV4cG9uZW50cQxLAFgfAAAAX0VuY3J5cHRlZE51bWJlcl9faXNfb2JmdXNjYXRlZHENiHViLg=='),
(23, 'gANjcGhlLnBhaWxsaWVyCkVuY3J5cHRlZE51bWJlcgpxACmBcQF9cQIoWAoAAABwdWJsaWNfa2V5cQNjcGhlLnBhaWxsaWVyClBhaWxsaWVyUHVibGljS2V5CnEEKYFxBX1xBihYAQAAAGdxB4oFmLMmhgBYAQAAAG5xCIoFl7MmhgBYBwAAAG5zcXVhcmVxCYoIEYPQ4tuJTEZYBwAAAG1heF9pbnRxCkoxkbcsdWJYHAAAAF9FbmNyeXB0ZWROdW1iZXJfX2NpcGhlcnRleHRxC4oIafIkaZ4bk0BYCAAAAGV4cG9uZW50cQxLAFgfAAAAX0VuY3J5cHRlZE51bWJlcl9faXNfb2JmdXNjYXRlZHENiHViLg==', 'gANjcGhlLnBhaWxsaWVyCkVuY3J5cHRlZE51bWJlcgpxACmBcQF9cQIoWAoAAABwdWJsaWNfa2V5cQNjcGhlLnBhaWxsaWVyClBhaWxsaWVyUHVibGljS2V5CnEEKYFxBX1xBihYAQAAAGdxB4oFmLMmhgBYAQAAAG5xCIoFl7MmhgBYBwAAAG5zcXVhcmVxCYoIEYPQ4tuJTEZYBwAAAG1heF9pbnRxCkoxkbcsdWJYHAAAAF9FbmNyeXB0ZWROdW1iZXJfX2NpcGhlcnRleHRxC4oIRx5yXGImiAdYCAAAAGV4cG9uZW50cQxLAFgfAAAAX0VuY3J5cHRlZE51bWJlcl9faXNfb2JmdXNjYXRlZHENiHViLg==', 'gANjcGhlLnBhaWxsaWVyCkVuY3J5cHRlZE51bWJlcgpxACmBcQF9cQIoWAoAAABwdWJsaWNfa2V5cQNjcGhlLnBhaWxsaWVyClBhaWxsaWVyUHVibGljS2V5CnEEKYFxBX1xBihYAQAAAGdxB4oFmLMmhgBYAQAAAG5xCIoFl7MmhgBYBwAAAG5zcXVhcmVxCYoIEYPQ4tuJTEZYBwAAAG1heF9pbnRxCkoxkbcsdWJYHAAAAF9FbmNyeXB0ZWROdW1iZXJfX2NpcGhlcnRleHRxC4oIG0q0BK/T0EBYCAAAAGV4cG9uZW50cQxLAFgfAAAAX0VuY3J5cHRlZE51bWJlcl9faXNfb2JmdXNjYXRlZHENiHViLg=='),
(24, 'gANjcGhlLnBhaWxsaWVyCkVuY3J5cHRlZE51bWJlcgpxACmBcQF9cQIoWAoAAABwdWJsaWNfa2V5cQNjcGhlLnBhaWxsaWVyClBhaWxsaWVyUHVibGljS2V5CnEEKYFxBX1xBihYAQAAAGdxB4oFmLMmhgBYAQAAAG5xCIoFl7MmhgBYBwAAAG5zcXVhcmVxCYoIEYPQ4tuJTEZYBwAAAG1heF9pbnRxCkoxkbcsdWJYHAAAAF9FbmNyeXB0ZWROdW1iZXJfX2NpcGhlcnRleHRxC4oIcXlWxp6eix9YCAAAAGV4cG9uZW50cQxLAFgfAAAAX0VuY3J5cHRlZE51bWJlcl9faXNfb2JmdXNjYXRlZHENiHViLg==', 'gANjcGhlLnBhaWxsaWVyCkVuY3J5cHRlZE51bWJlcgpxACmBcQF9cQIoWAoAAABwdWJsaWNfa2V5cQNjcGhlLnBhaWxsaWVyClBhaWxsaWVyUHVibGljS2V5CnEEKYFxBX1xBihYAQAAAGdxB4oFmLMmhgBYAQAAAG5xCIoFl7MmhgBYBwAAAG5zcXVhcmVxCYoIEYPQ4tuJTEZYBwAAAG1heF9pbnRxCkoxkbcsdWJYHAAAAF9FbmNyeXB0ZWROdW1iZXJfX2NpcGhlcnRleHRxC4oI7nGDBBjhoTtYCAAAAGV4cG9uZW50cQxLAFgfAAAAX0VuY3J5cHRlZE51bWJlcl9faXNfb2JmdXNjYXRlZHENiHViLg==', 'gANjcGhlLnBhaWxsaWVyCkVuY3J5cHRlZE51bWJlcgpxACmBcQF9cQIoWAoAAABwdWJsaWNfa2V5cQNjcGhlLnBhaWxsaWVyClBhaWxsaWVyUHVibGljS2V5CnEEKYFxBX1xBihYAQAAAGdxB4oFmLMmhgBYAQAAAG5xCIoFl7MmhgBYBwAAAG5zcXVhcmVxCYoIEYPQ4tuJTEZYBwAAAG1heF9pbnRxCkoxkbcsdWJYHAAAAF9FbmNyeXB0ZWROdW1iZXJfX2NpcGhlcnRleHRxC4oII9cq+gjJNh5YCAAAAGV4cG9uZW50cQxLAFgfAAAAX0VuY3J5cHRlZE51bWJlcl9faXNfb2JmdXNjYXRlZHENiHViLg=='),
(25, 'gANjcGhlLnBhaWxsaWVyCkVuY3J5cHRlZE51bWJlcgpxACmBcQF9cQIoWAoAAABwdWJsaWNfa2V5cQNjcGhlLnBhaWxsaWVyClBhaWxsaWVyUHVibGljS2V5CnEEKYFxBX1xBihYAQAAAGdxB4oFmLMmhgBYAQAAAG5xCIoFl7MmhgBYBwAAAG5zcXVhcmVxCYoIEYPQ4tuJTEZYBwAAAG1heF9pbnRxCkoxkbcsdWJYHAAAAF9FbmNyeXB0ZWROdW1iZXJfX2NpcGhlcnRleHRxC4oIemMoQUwvzQtYCAAAAGV4cG9uZW50cQxLAFgfAAAAX0VuY3J5cHRlZE51bWJlcl9faXNfb2JmdXNjYXRlZHENiHViLg==', 'gANjcGhlLnBhaWxsaWVyCkVuY3J5cHRlZE51bWJlcgpxACmBcQF9cQIoWAoAAABwdWJsaWNfa2V5cQNjcGhlLnBhaWxsaWVyClBhaWxsaWVyUHVibGljS2V5CnEEKYFxBX1xBihYAQAAAGdxB4oFmLMmhgBYAQAAAG5xCIoFl7MmhgBYBwAAAG5zcXVhcmVxCYoIEYPQ4tuJTEZYBwAAAG1heF9pbnRxCkoxkbcsdWJYHAAAAF9FbmNyeXB0ZWROdW1iZXJfX2NpcGhlcnRleHRxC4oIokkqrNlVwBNYCAAAAGV4cG9uZW50cQxLAFgfAAAAX0VuY3J5cHRlZE51bWJlcl9faXNfb2JmdXNjYXRlZHENiHViLg==', 'gANjcGhlLnBhaWxsaWVyCkVuY3J5cHRlZE51bWJlcgpxACmBcQF9cQIoWAoAAABwdWJsaWNfa2V5cQNjcGhlLnBhaWxsaWVyClBhaWxsaWVyUHVibGljS2V5CnEEKYFxBX1xBihYAQAAAGdxB4oFmLMmhgBYAQAAAG5xCIoFl7MmhgBYBwAAAG5zcXVhcmVxCYoIEYPQ4tuJTEZYBwAAAG1heF9pbnRxCkoxkbcsdWJYHAAAAF9FbmNyeXB0ZWROdW1iZXJfX2NpcGhlcnRleHRxC4oID+9ZoqeF2RZYCAAAAGV4cG9uZW50cQxLAFgfAAAAX0VuY3J5cHRlZE51bWJlcl9faXNfb2JmdXNjYXRlZHENiHViLg=='),
(26, 'gANjcGhlLnBhaWxsaWVyCkVuY3J5cHRlZE51bWJlcgpxACmBcQF9cQIoWAoAAABwdWJsaWNfa2V5cQNjcGhlLnBhaWxsaWVyClBhaWxsaWVyUHVibGljS2V5CnEEKYFxBX1xBihYAQAAAGdxB4oFmLMmhgBYAQAAAG5xCIoFl7MmhgBYBwAAAG5zcXVhcmVxCYoIEYPQ4tuJTEZYBwAAAG1heF9pbnRxCkoxkbcsdWJYHAAAAF9FbmNyeXB0ZWROdW1iZXJfX2NpcGhlcnRleHRxC4oIbLlSyJl9AwxYCAAAAGV4cG9uZW50cQxLAFgfAAAAX0VuY3J5cHRlZE51bWJlcl9faXNfb2JmdXNjYXRlZHENiHViLg==', 'gANjcGhlLnBhaWxsaWVyCkVuY3J5cHRlZE51bWJlcgpxACmBcQF9cQIoWAoAAABwdWJsaWNfa2V5cQNjcGhlLnBhaWxsaWVyClBhaWxsaWVyUHVibGljS2V5CnEEKYFxBX1xBihYAQAAAGdxB4oFmLMmhgBYAQAAAG5xCIoFl7MmhgBYBwAAAG5zcXVhcmVxCYoIEYPQ4tuJTEZYBwAAAG1heF9pbnRxCkoxkbcsdWJYHAAAAF9FbmNyeXB0ZWROdW1iZXJfX2NpcGhlcnRleHRxC4oI6MP5KeKQoQFYCAAAAGV4cG9uZW50cQxLAFgfAAAAX0VuY3J5cHRlZE51bWJlcl9faXNfb2JmdXNjYXRlZHENiHViLg==', 'gANjcGhlLnBhaWxsaWVyCkVuY3J5cHRlZE51bWJlcgpxACmBcQF9cQIoWAoAAABwdWJsaWNfa2V5cQNjcGhlLnBhaWxsaWVyClBhaWxsaWVyUHVibGljS2V5CnEEKYFxBX1xBihYAQAAAGdxB4oFmLMmhgBYAQAAAG5xCIoFl7MmhgBYBwAAAG5zcXVhcmVxCYoIEYPQ4tuJTEZYBwAAAG1heF9pbnRxCkoxkbcsdWJYHAAAAF9FbmNyeXB0ZWROdW1iZXJfX2NpcGhlcnRleHRxC4oIixE/I/DcOC1YCAAAAGV4cG9uZW50cQxLAFgfAAAAX0VuY3J5cHRlZE51bWJlcl9faXNfb2JmdXNjYXRlZHENiHViLg=='),
(27, 'gANjcGhlLnBhaWxsaWVyCkVuY3J5cHRlZE51bWJlcgpxACmBcQF9cQIoWAoAAABwdWJsaWNfa2V5cQNjcGhlLnBhaWxsaWVyClBhaWxsaWVyUHVibGljS2V5CnEEKYFxBX1xBihYAQAAAGdxB4oFmLMmhgBYAQAAAG5xCIoFl7MmhgBYBwAAAG5zcXVhcmVxCYoIEYPQ4tuJTEZYBwAAAG1heF9pbnRxCkoxkbcsdWJYHAAAAF9FbmNyeXB0ZWROdW1iZXJfX2NpcGhlcnRleHRxC4oIsJwDcEB0YglYCAAAAGV4cG9uZW50cQxLAFgfAAAAX0VuY3J5cHRlZE51bWJlcl9faXNfb2JmdXNjYXRlZHENiHViLg==', 'gANjcGhlLnBhaWxsaWVyCkVuY3J5cHRlZE51bWJlcgpxACmBcQF9cQIoWAoAAABwdWJsaWNfa2V5cQNjcGhlLnBhaWxsaWVyClBhaWxsaWVyUHVibGljS2V5CnEEKYFxBX1xBihYAQAAAGdxB4oFmLMmhgBYAQAAAG5xCIoFl7MmhgBYBwAAAG5zcXVhcmVxCYoIEYPQ4tuJTEZYBwAAAG1heF9pbnRxCkoxkbcsdWJYHAAAAF9FbmNyeXB0ZWROdW1iZXJfX2NpcGhlcnRleHRxC4oI8TXjwDOfBhhYCAAAAGV4cG9uZW50cQxLAFgfAAAAX0VuY3J5cHRlZE51bWJlcl9faXNfb2JmdXNjYXRlZHENiHViLg==', 'gANjcGhlLnBhaWxsaWVyCkVuY3J5cHRlZE51bWJlcgpxACmBcQF9cQIoWAoAAABwdWJsaWNfa2V5cQNjcGhlLnBhaWxsaWVyClBhaWxsaWVyUHVibGljS2V5CnEEKYFxBX1xBihYAQAAAGdxB4oFmLMmhgBYAQAAAG5xCIoFl7MmhgBYBwAAAG5zcXVhcmVxCYoIEYPQ4tuJTEZYBwAAAG1heF9pbnRxCkoxkbcsdWJYHAAAAF9FbmNyeXB0ZWROdW1iZXJfX2NpcGhlcnRleHRxC4oIJmS6C3VXBBNYCAAAAGV4cG9uZW50cQxLAFgfAAAAX0VuY3J5cHRlZE51bWJlcl9faXNfb2JmdXNjYXRlZHENiHViLg=='),
(28, 'gANjcGhlLnBhaWxsaWVyCkVuY3J5cHRlZE51bWJlcgpxACmBcQF9cQIoWAoAAABwdWJsaWNfa2V5cQNjcGhlLnBhaWxsaWVyClBhaWxsaWVyUHVibGljS2V5CnEEKYFxBX1xBihYAQAAAGdxB4oFmLMmhgBYAQAAAG5xCIoFl7MmhgBYBwAAAG5zcXVhcmVxCYoIEYPQ4tuJTEZYBwAAAG1heF9pbnRxCkoxkbcsdWJYHAAAAF9FbmNyeXB0ZWROdW1iZXJfX2NpcGhlcnRleHRxC4oIE5qO6VO85DBYCAAAAGV4cG9uZW50cQxLAFgfAAAAX0VuY3J5cHRlZE51bWJlcl9faXNfb2JmdXNjYXRlZHENiHViLg==', 'gANjcGhlLnBhaWxsaWVyCkVuY3J5cHRlZE51bWJlcgpxACmBcQF9cQIoWAoAAABwdWJsaWNfa2V5cQNjcGhlLnBhaWxsaWVyClBhaWxsaWVyUHVibGljS2V5CnEEKYFxBX1xBihYAQAAAGdxB4oFmLMmhgBYAQAAAG5xCIoFl7MmhgBYBwAAAG5zcXVhcmVxCYoIEYPQ4tuJTEZYBwAAAG1heF9pbnRxCkoxkbcsdWJYHAAAAF9FbmNyeXB0ZWROdW1iZXJfX2NpcGhlcnRleHRxC4oIuG9EtzQjGgVYCAAAAGV4cG9uZW50cQxLAFgfAAAAX0VuY3J5cHRlZE51bWJlcl9faXNfb2JmdXNjYXRlZHENiHViLg==', 'gANjcGhlLnBhaWxsaWVyCkVuY3J5cHRlZE51bWJlcgpxACmBcQF9cQIoWAoAAABwdWJsaWNfa2V5cQNjcGhlLnBhaWxsaWVyClBhaWxsaWVyUHVibGljS2V5CnEEKYFxBX1xBihYAQAAAGdxB4oFmLMmhgBYAQAAAG5xCIoFl7MmhgBYBwAAAG5zcXVhcmVxCYoIEYPQ4tuJTEZYBwAAAG1heF9pbnRxCkoxkbcsdWJYHAAAAF9FbmNyeXB0ZWROdW1iZXJfX2NpcGhlcnRleHRxC4oIpRJe9pKUKCdYCAAAAGV4cG9uZW50cQxLAFgfAAAAX0VuY3J5cHRlZE51bWJlcl9faXNfb2JmdXNjYXRlZHENiHViLg=='),
(29, 'gANjcGhlLnBhaWxsaWVyCkVuY3J5cHRlZE51bWJlcgpxACmBcQF9cQIoWAoAAABwdWJsaWNfa2V5cQNjcGhlLnBhaWxsaWVyClBhaWxsaWVyUHVibGljS2V5CnEEKYFxBX1xBihYAQAAAGdxB4oFmLMmhgBYAQAAAG5xCIoFl7MmhgBYBwAAAG5zcXVhcmVxCYoIEYPQ4tuJTEZYBwAAAG1heF9pbnRxCkoxkbcsdWJYHAAAAF9FbmNyeXB0ZWROdW1iZXJfX2NpcGhlcnRleHRxC4oIHyPjcUwG0TxYCAAAAGV4cG9uZW50cQxLAFgfAAAAX0VuY3J5cHRlZE51bWJlcl9faXNfb2JmdXNjYXRlZHENiHViLg==', 'gANjcGhlLnBhaWxsaWVyCkVuY3J5cHRlZE51bWJlcgpxACmBcQF9cQIoWAoAAABwdWJsaWNfa2V5cQNjcGhlLnBhaWxsaWVyClBhaWxsaWVyUHVibGljS2V5CnEEKYFxBX1xBihYAQAAAGdxB4oFmLMmhgBYAQAAAG5xCIoFl7MmhgBYBwAAAG5zcXVhcmVxCYoIEYPQ4tuJTEZYBwAAAG1heF9pbnRxCkoxkbcsdWJYHAAAAF9FbmNyeXB0ZWROdW1iZXJfX2NpcGhlcnRleHRxC4oIL/kNe3i9yzhYCAAAAGV4cG9uZW50cQxLAFgfAAAAX0VuY3J5cHRlZE51bWJlcl9faXNfb2JmdXNjYXRlZHENiHViLg==', 'gANjcGhlLnBhaWxsaWVyCkVuY3J5cHRlZE51bWJlcgpxACmBcQF9cQIoWAoAAABwdWJsaWNfa2V5cQNjcGhlLnBhaWxsaWVyClBhaWxsaWVyUHVibGljS2V5CnEEKYFxBX1xBihYAQAAAGdxB4oFmLMmhgBYAQAAAG5xCIoFl7MmhgBYBwAAAG5zcXVhcmVxCYoIEYPQ4tuJTEZYBwAAAG1heF9pbnRxCkoxkbcsdWJYHAAAAF9FbmNyeXB0ZWROdW1iZXJfX2NpcGhlcnRleHRxC4oItp1d/CDY3D1YCAAAAGV4cG9uZW50cQxLAFgfAAAAX0VuY3J5cHRlZE51bWJlcl9faXNfb2JmdXNjYXRlZHENiHViLg=='),
(30, 'gANjcGhlLnBhaWxsaWVyCkVuY3J5cHRlZE51bWJlcgpxACmBcQF9cQIoWAoAAABwdWJsaWNfa2V5cQNjcGhlLnBhaWxsaWVyClBhaWxsaWVyUHVibGljS2V5CnEEKYFxBX1xBihYAQAAAGdxB4oFmLMmhgBYAQAAAG5xCIoFl7MmhgBYBwAAAG5zcXVhcmVxCYoIEYPQ4tuJTEZYBwAAAG1heF9pbnRxCkoxkbcsdWJYHAAAAF9FbmNyeXB0ZWROdW1iZXJfX2NpcGhlcnRleHRxC4oIL9AA5qi90xJYCAAAAGV4cG9uZW50cQxLAFgfAAAAX0VuY3J5cHRlZE51bWJlcl9faXNfb2JmdXNjYXRlZHENiHViLg==', 'gANjcGhlLnBhaWxsaWVyCkVuY3J5cHRlZE51bWJlcgpxACmBcQF9cQIoWAoAAABwdWJsaWNfa2V5cQNjcGhlLnBhaWxsaWVyClBhaWxsaWVyUHVibGljS2V5CnEEKYFxBX1xBihYAQAAAGdxB4oFmLMmhgBYAQAAAG5xCIoFl7MmhgBYBwAAAG5zcXVhcmVxCYoIEYPQ4tuJTEZYBwAAAG1heF9pbnRxCkoxkbcsdWJYHAAAAF9FbmNyeXB0ZWROdW1iZXJfX2NpcGhlcnRleHRxC4oIU+Hvnv82ST5YCAAAAGV4cG9uZW50cQxLAFgfAAAAX0VuY3J5cHRlZE51bWJlcl9faXNfb2JmdXNjYXRlZHENiHViLg==', 'gANjcGhlLnBhaWxsaWVyCkVuY3J5cHRlZE51bWJlcgpxACmBcQF9cQIoWAoAAABwdWJsaWNfa2V5cQNjcGhlLnBhaWxsaWVyClBhaWxsaWVyUHVibGljS2V5CnEEKYFxBX1xBihYAQAAAGdxB4oFmLMmhgBYAQAAAG5xCIoFl7MmhgBYBwAAAG5zcXVhcmVxCYoIEYPQ4tuJTEZYBwAAAG1heF9pbnRxCkoxkbcsdWJYHAAAAF9FbmNyeXB0ZWROdW1iZXJfX2NpcGhlcnRleHRxC4oIdKRVhGpOawRYCAAAAGV4cG9uZW50cQxLAFgfAAAAX0VuY3J5cHRlZE51bWJlcl9faXNfb2JmdXNjYXRlZHENiHViLg=='),
(31, 'gANjcGhlLnBhaWxsaWVyCkVuY3J5cHRlZE51bWJlcgpxACmBcQF9cQIoWAoAAABwdWJsaWNfa2V5cQNjcGhlLnBhaWxsaWVyClBhaWxsaWVyUHVibGljS2V5CnEEKYFxBX1xBihYAQAAAGdxB4oFmLMmhgBYAQAAAG5xCIoFl7MmhgBYBwAAAG5zcXVhcmVxCYoIEYPQ4tuJTEZYBwAAAG1heF9pbnRxCkoxkbcsdWJYHAAAAF9FbmNyeXB0ZWROdW1iZXJfX2NpcGhlcnRleHRxC4oIr4nV5ySj7ghYCAAAAGV4cG9uZW50cQxLAFgfAAAAX0VuY3J5cHRlZE51bWJlcl9faXNfb2JmdXNjYXRlZHENiHViLg==', 'gANjcGhlLnBhaWxsaWVyCkVuY3J5cHRlZE51bWJlcgpxACmBcQF9cQIoWAoAAABwdWJsaWNfa2V5cQNjcGhlLnBhaWxsaWVyClBhaWxsaWVyUHVibGljS2V5CnEEKYFxBX1xBihYAQAAAGdxB4oFmLMmhgBYAQAAAG5xCIoFl7MmhgBYBwAAAG5zcXVhcmVxCYoIEYPQ4tuJTEZYBwAAAG1heF9pbnRxCkoxkbcsdWJYHAAAAF9FbmNyeXB0ZWROdW1iZXJfX2NpcGhlcnRleHRxC4oIAaN3SUMVxihYCAAAAGV4cG9uZW50cQxLAFgfAAAAX0VuY3J5cHRlZE51bWJlcl9faXNfb2JmdXNjYXRlZHENiHViLg==', 'gANjcGhlLnBhaWxsaWVyCkVuY3J5cHRlZE51bWJlcgpxACmBcQF9cQIoWAoAAABwdWJsaWNfa2V5cQNjcGhlLnBhaWxsaWVyClBhaWxsaWVyUHVibGljS2V5CnEEKYFxBX1xBihYAQAAAGdxB4oFmLMmhgBYAQAAAG5xCIoFl7MmhgBYBwAAAG5zcXVhcmVxCYoIEYPQ4tuJTEZYBwAAAG1heF9pbnRxCkoxkbcsdWJYHAAAAF9FbmNyeXB0ZWROdW1iZXJfX2NpcGhlcnRleHRxC4oIaVnh1kP9mj5YCAAAAGV4cG9uZW50cQxLAFgfAAAAX0VuY3J5cHRlZE51bWJlcl9faXNfb2JmdXNjYXRlZHENiHViLg=='),
(32, 'gANjcGhlLnBhaWxsaWVyCkVuY3J5cHRlZE51bWJlcgpxACmBcQF9cQIoWAoAAABwdWJsaWNfa2V5cQNjcGhlLnBhaWxsaWVyClBhaWxsaWVyUHVibGljS2V5CnEEKYFxBX1xBihYAQAAAGdxB4oFmLMmhgBYAQAAAG5xCIoFl7MmhgBYBwAAAG5zcXVhcmVxCYoIEYPQ4tuJTEZYBwAAAG1heF9pbnRxCkoxkbcsdWJYHAAAAF9FbmNyeXB0ZWROdW1iZXJfX2NpcGhlcnRleHRxC4oIWBG/jc10P0ZYCAAAAGV4cG9uZW50cQxLAFgfAAAAX0VuY3J5cHRlZE51bWJlcl9faXNfb2JmdXNjYXRlZHENiHViLg==', 'gANjcGhlLnBhaWxsaWVyCkVuY3J5cHRlZE51bWJlcgpxACmBcQF9cQIoWAoAAABwdWJsaWNfa2V5cQNjcGhlLnBhaWxsaWVyClBhaWxsaWVyUHVibGljS2V5CnEEKYFxBX1xBihYAQAAAGdxB4oFmLMmhgBYAQAAAG5xCIoFl7MmhgBYBwAAAG5zcXVhcmVxCYoIEYPQ4tuJTEZYBwAAAG1heF9pbnRxCkoxkbcsdWJYHAAAAF9FbmNyeXB0ZWROdW1iZXJfX2NpcGhlcnRleHRxC4oIYk1gF2NFly1YCAAAAGV4cG9uZW50cQxLAFgfAAAAX0VuY3J5cHRlZE51bWJlcl9faXNfb2JmdXNjYXRlZHENiHViLg==', 'gANjcGhlLnBhaWxsaWVyCkVuY3J5cHRlZE51bWJlcgpxACmBcQF9cQIoWAoAAABwdWJsaWNfa2V5cQNjcGhlLnBhaWxsaWVyClBhaWxsaWVyUHVibGljS2V5CnEEKYFxBX1xBihYAQAAAGdxB4oFmLMmhgBYAQAAAG5xCIoFl7MmhgBYBwAAAG5zcXVhcmVxCYoIEYPQ4tuJTEZYBwAAAG1heF9pbnRxCkoxkbcsdWJYHAAAAF9FbmNyeXB0ZWROdW1iZXJfX2NpcGhlcnRleHRxC4oIFE3Mohm4KStYCAAAAGV4cG9uZW50cQxLAFgfAAAAX0VuY3J5cHRlZE51bWJlcl9faXNfb2JmdXNjYXRlZHENiHViLg=='),
(33, 'gANjcGhlLnBhaWxsaWVyCkVuY3J5cHRlZE51bWJlcgpxACmBcQF9cQIoWAoAAABwdWJsaWNfa2V5cQNjcGhlLnBhaWxsaWVyClBhaWxsaWVyUHVibGljS2V5CnEEKYFxBX1xBihYAQAAAGdxB4oFmLMmhgBYAQAAAG5xCIoFl7MmhgBYBwAAAG5zcXVhcmVxCYoIEYPQ4tuJTEZYBwAAAG1heF9pbnRxCkoxkbcsdWJYHAAAAF9FbmNyeXB0ZWROdW1iZXJfX2NpcGhlcnRleHRxC4oIQM8NRHsRdQpYCAAAAGV4cG9uZW50cQxLAFgfAAAAX0VuY3J5cHRlZE51bWJlcl9faXNfb2JmdXNjYXRlZHENiHViLg==', 'gANjcGhlLnBhaWxsaWVyCkVuY3J5cHRlZE51bWJlcgpxACmBcQF9cQIoWAoAAABwdWJsaWNfa2V5cQNjcGhlLnBhaWxsaWVyClBhaWxsaWVyUHVibGljS2V5CnEEKYFxBX1xBihYAQAAAGdxB4oFmLMmhgBYAQAAAG5xCIoFl7MmhgBYBwAAAG5zcXVhcmVxCYoIEYPQ4tuJTEZYBwAAAG1heF9pbnRxCkoxkbcsdWJYHAAAAF9FbmNyeXB0ZWROdW1iZXJfX2NpcGhlcnRleHRxC4oIfKTAhvN+QQZYCAAAAGV4cG9uZW50cQxLAFgfAAAAX0VuY3J5cHRlZE51bWJlcl9faXNfb2JmdXNjYXRlZHENiHViLg==', 'gANjcGhlLnBhaWxsaWVyCkVuY3J5cHRlZE51bWJlcgpxACmBcQF9cQIoWAoAAABwdWJsaWNfa2V5cQNjcGhlLnBhaWxsaWVyClBhaWxsaWVyUHVibGljS2V5CnEEKYFxBX1xBihYAQAAAGdxB4oFmLMmhgBYAQAAAG5xCIoFl7MmhgBYBwAAAG5zcXVhcmVxCYoIEYPQ4tuJTEZYBwAAAG1heF9pbnRxCkoxkbcsdWJYHAAAAF9FbmNyeXB0ZWROdW1iZXJfX2NpcGhlcnRleHRxC4oIQm5vGZVaIBhYCAAAAGV4cG9uZW50cQxLAFgfAAAAX0VuY3J5cHRlZE51bWJlcl9faXNfb2JmdXNjYXRlZHENiHViLg=='),
(34, 'gANjcGhlLnBhaWxsaWVyCkVuY3J5cHRlZE51bWJlcgpxACmBcQF9cQIoWAoAAABwdWJsaWNfa2V5cQNjcGhlLnBhaWxsaWVyClBhaWxsaWVyUHVibGljS2V5CnEEKYFxBX1xBihYAQAAAGdxB4oFmLMmhgBYAQAAAG5xCIoFl7MmhgBYBwAAAG5zcXVhcmVxCYoIEYPQ4tuJTEZYBwAAAG1heF9pbnRxCkoxkbcsdWJYHAAAAF9FbmNyeXB0ZWROdW1iZXJfX2NpcGhlcnRleHRxC4oIxI9rxKbJ6RJYCAAAAGV4cG9uZW50cQxLAFgfAAAAX0VuY3J5cHRlZE51bWJlcl9faXNfb2JmdXNjYXRlZHENiHViLg==', 'gANjcGhlLnBhaWxsaWVyCkVuY3J5cHRlZE51bWJlcgpxACmBcQF9cQIoWAoAAABwdWJsaWNfa2V5cQNjcGhlLnBhaWxsaWVyClBhaWxsaWVyUHVibGljS2V5CnEEKYFxBX1xBihYAQAAAGdxB4oFmLMmhgBYAQAAAG5xCIoFl7MmhgBYBwAAAG5zcXVhcmVxCYoIEYPQ4tuJTEZYBwAAAG1heF9pbnRxCkoxkbcsdWJYHAAAAF9FbmNyeXB0ZWROdW1iZXJfX2NpcGhlcnRleHRxC4oIG64Mv7K/9StYCAAAAGV4cG9uZW50cQxLAFgfAAAAX0VuY3J5cHRlZE51bWJlcl9faXNfb2JmdXNjYXRlZHENiHViLg==', 'gANjcGhlLnBhaWxsaWVyCkVuY3J5cHRlZE51bWJlcgpxACmBcQF9cQIoWAoAAABwdWJsaWNfa2V5cQNjcGhlLnBhaWxsaWVyClBhaWxsaWVyUHVibGljS2V5CnEEKYFxBX1xBihYAQAAAGdxB4oFmLMmhgBYAQAAAG5xCIoFl7MmhgBYBwAAAG5zcXVhcmVxCYoIEYPQ4tuJTEZYBwAAAG1heF9pbnRxCkoxkbcsdWJYHAAAAF9FbmNyeXB0ZWROdW1iZXJfX2NpcGhlcnRleHRxC4oIZ/nWhsU2gjJYCAAAAGV4cG9uZW50cQxLAFgfAAAAX0VuY3J5cHRlZE51bWJlcl9faXNfb2JmdXNjYXRlZHENiHViLg=='),
(35, 'gANjcGhlLnBhaWxsaWVyCkVuY3J5cHRlZE51bWJlcgpxACmBcQF9cQIoWAoAAABwdWJsaWNfa2V5cQNjcGhlLnBhaWxsaWVyClBhaWxsaWVyUHVibGljS2V5CnEEKYFxBX1xBihYAQAAAGdxB4oFmLMmhgBYAQAAAG5xCIoFl7MmhgBYBwAAAG5zcXVhcmVxCYoIEYPQ4tuJTEZYBwAAAG1heF9pbnRxCkoxkbcsdWJYHAAAAF9FbmNyeXB0ZWROdW1iZXJfX2NpcGhlcnRleHRxC4oIVNXfgMbK5gpYCAAAAGV4cG9uZW50cQxLAFgfAAAAX0VuY3J5cHRlZE51bWJlcl9faXNfb2JmdXNjYXRlZHENiHViLg==', 'gANjcGhlLnBhaWxsaWVyCkVuY3J5cHRlZE51bWJlcgpxACmBcQF9cQIoWAoAAABwdWJsaWNfa2V5cQNjcGhlLnBhaWxsaWVyClBhaWxsaWVyUHVibGljS2V5CnEEKYFxBX1xBihYAQAAAGdxB4oFmLMmhgBYAQAAAG5xCIoFl7MmhgBYBwAAAG5zcXVhcmVxCYoIEYPQ4tuJTEZYBwAAAG1heF9pbnRxCkoxkbcsdWJYHAAAAF9FbmNyeXB0ZWROdW1iZXJfX2NpcGhlcnRleHRxC4oIWl6DcMxtbxNYCAAAAGV4cG9uZW50cQxLAFgfAAAAX0VuY3J5cHRlZE51bWJlcl9faXNfb2JmdXNjYXRlZHENiHViLg==', 'gANjcGhlLnBhaWxsaWVyCkVuY3J5cHRlZE51bWJlcgpxACmBcQF9cQIoWAoAAABwdWJsaWNfa2V5cQNjcGhlLnBhaWxsaWVyClBhaWxsaWVyUHVibGljS2V5CnEEKYFxBX1xBihYAQAAAGdxB4oFmLMmhgBYAQAAAG5xCIoFl7MmhgBYBwAAAG5zcXVhcmVxCYoIEYPQ4tuJTEZYBwAAAG1heF9pbnRxCkoxkbcsdWJYHAAAAF9FbmNyeXB0ZWROdW1iZXJfX2NpcGhlcnRleHRxC4oIsP7pqEhEzz1YCAAAAGV4cG9uZW50cQxLAFgfAAAAX0VuY3J5cHRlZE51bWJlcl9faXNfb2JmdXNjYXRlZHENiHViLg=='),
(36, 'gANjcGhlLnBhaWxsaWVyCkVuY3J5cHRlZE51bWJlcgpxACmBcQF9cQIoWAoAAABwdWJsaWNfa2V5cQNjcGhlLnBhaWxsaWVyClBhaWxsaWVyUHVibGljS2V5CnEEKYFxBX1xBihYAQAAAGdxB4oFmLMmhgBYAQAAAG5xCIoFl7MmhgBYBwAAAG5zcXVhcmVxCYoIEYPQ4tuJTEZYBwAAAG1heF9pbnRxCkoxkbcsdWJYHAAAAF9FbmNyeXB0ZWROdW1iZXJfX2NpcGhlcnRleHRxC4oIcekNxWNo+AhYCAAAAGV4cG9uZW50cQxLAFgfAAAAX0VuY3J5cHRlZE51bWJlcl9faXNfb2JmdXNjYXRlZHENiHViLg==', 'gANjcGhlLnBhaWxsaWVyCkVuY3J5cHRlZE51bWJlcgpxACmBcQF9cQIoWAoAAABwdWJsaWNfa2V5cQNjcGhlLnBhaWxsaWVyClBhaWxsaWVyUHVibGljS2V5CnEEKYFxBX1xBihYAQAAAGdxB4oFmLMmhgBYAQAAAG5xCIoFl7MmhgBYBwAAAG5zcXVhcmVxCYoIEYPQ4tuJTEZYBwAAAG1heF9pbnRxCkoxkbcsdWJYHAAAAF9FbmNyeXB0ZWROdW1iZXJfX2NpcGhlcnRleHRxC4oIhTHOq/HzrkVYCAAAAGV4cG9uZW50cQxLAFgfAAAAX0VuY3J5cHRlZE51bWJlcl9faXNfb2JmdXNjYXRlZHENiHViLg==', 'gANjcGhlLnBhaWxsaWVyCkVuY3J5cHRlZE51bWJlcgpxACmBcQF9cQIoWAoAAABwdWJsaWNfa2V5cQNjcGhlLnBhaWxsaWVyClBhaWxsaWVyUHVibGljS2V5CnEEKYFxBX1xBihYAQAAAGdxB4oFmLMmhgBYAQAAAG5xCIoFl7MmhgBYBwAAAG5zcXVhcmVxCYoIEYPQ4tuJTEZYBwAAAG1heF9pbnRxCkoxkbcsdWJYHAAAAF9FbmNyeXB0ZWROdW1iZXJfX2NpcGhlcnRleHRxC4oIA/6bdN9ElwpYCAAAAGV4cG9uZW50cQxLAFgfAAAAX0VuY3J5cHRlZE51bWJlcl9faXNfb2JmdXNjYXRlZHENiHViLg==');

-- --------------------------------------------------------

--
-- Table structure for table `regis`
--

CREATE TABLE `regis` (
  `username` varchar(100) NOT NULL,
  `fname` text NOT NULL,
  `lname` text NOT NULL,
  `email` varchar(50) NOT NULL,
  `password` varchar(512) NOT NULL,
  `gender` varchar(100) NOT NULL,
  `voter_id` varchar(512) NOT NULL,
  `city` varchar(100) NOT NULL,
  `state` varchar(100) NOT NULL,
  `voted` int(11) NOT NULL DEFAULT 0
) ENGINE=InnoDB DEFAULT CHARSET=utf8mb4;

--
-- Dumping data for table `regis`
--

INSERT INTO `regis` (`username`, `fname`, `lname`, `email`, `password`, `gender`, `voter_id`, `city`, `state`, `voted`) VALUES
('sasa', 'saksham', 'saproo', 'sakshamsaproo@gmail.com', '827ccb0eea8a706c4c34a16891f84e7b', 'Male', '123456', 'gurgaon', 'Hariyana', 1),
('vedant', 'vedant', 'warke', 'vedant@email.com', '827ccb0eea8a706c4c34a16891f84e7b', 'Male', '98765', 'surat', 'Gujarat', 1),
('shreyas', 'shreyas', 'pote', 'shreyas@mail.com', '827ccb0eea8a706c4c34a16891f84e7b', 'Male', '9876543324', 'panvel', 'Maharashtra', 1),
('mahesh', 'mahesh', 'sisodiya', 'abc@gmail.com', '827ccb0eea8a706c4c34a16891f84e7b', 'Male', 'HYSREAS', 'SURAT', 'GUJARAT', 0);

--
-- Indexes for dumped tables
--

--
-- Indexes for table `auth_group`
--
ALTER TABLE `auth_group`
  ADD PRIMARY KEY (`id`),
  ADD UNIQUE KEY `name` (`name`);

--
-- Indexes for table `auth_group_permissions`
--
ALTER TABLE `auth_group_permissions`
  ADD PRIMARY KEY (`id`),
  ADD UNIQUE KEY `auth_group_permissions_group_id_permission_id_0cd325b0_uniq` (`group_id`,`permission_id`),
  ADD KEY `auth_group_permissio_permission_id_84c5c92e_fk_auth_perm` (`permission_id`);

--
-- Indexes for table `auth_permission`
--
ALTER TABLE `auth_permission`
  ADD PRIMARY KEY (`id`),
  ADD UNIQUE KEY `auth_permission_content_type_id_codename_01ab375a_uniq` (`content_type_id`,`codename`);

--
-- Indexes for table `auth_user`
--
ALTER TABLE `auth_user`
  ADD PRIMARY KEY (`id`),
  ADD UNIQUE KEY `username` (`username`);

--
-- Indexes for table `auth_user_groups`
--
ALTER TABLE `auth_user_groups`
  ADD PRIMARY KEY (`id`),
  ADD UNIQUE KEY `auth_user_groups_user_id_group_id_94350c0c_uniq` (`user_id`,`group_id`),
  ADD KEY `auth_user_groups_group_id_97559544_fk_auth_group_id` (`group_id`);

--
-- Indexes for table `auth_user_user_permissions`
--
ALTER TABLE `auth_user_user_permissions`
  ADD PRIMARY KEY (`id`),
  ADD UNIQUE KEY `auth_user_user_permissions_user_id_permission_id_14a6b632_uniq` (`user_id`,`permission_id`),
  ADD KEY `auth_user_user_permi_permission_id_1fbb5f2c_fk_auth_perm` (`permission_id`);

--
-- Indexes for table `django_admin_log`
--
ALTER TABLE `django_admin_log`
  ADD PRIMARY KEY (`id`),
  ADD KEY `django_admin_log_content_type_id_c4bce8eb_fk_django_co` (`content_type_id`),
  ADD KEY `django_admin_log_user_id_c564eba6_fk_auth_user_id` (`user_id`);

--
-- Indexes for table `django_content_type`
--
ALTER TABLE `django_content_type`
  ADD PRIMARY KEY (`id`),
  ADD UNIQUE KEY `django_content_type_app_label_model_76bd3d3b_uniq` (`app_label`,`model`);

--
-- Indexes for table `django_migrations`
--
ALTER TABLE `django_migrations`
  ADD PRIMARY KEY (`id`);

--
-- Indexes for table `django_session`
--
ALTER TABLE `django_session`
  ADD PRIMARY KEY (`session_key`),
  ADD KEY `django_session_expire_date_a5c62663` (`expire_date`);

--
-- Indexes for table `party`
--
ALTER TABLE `party`
  ADD PRIMARY KEY (`id`);

--
-- Indexes for table `regis`
--
ALTER TABLE `regis`
  ADD PRIMARY KEY (`voter_id`);

--
-- AUTO_INCREMENT for dumped tables
--

--
-- AUTO_INCREMENT for table `auth_group`
--
ALTER TABLE `auth_group`
  MODIFY `id` int(11) NOT NULL AUTO_INCREMENT;

--
-- AUTO_INCREMENT for table `auth_group_permissions`
--
ALTER TABLE `auth_group_permissions`
  MODIFY `id` int(11) NOT NULL AUTO_INCREMENT;

--
-- AUTO_INCREMENT for table `auth_permission`
--
ALTER TABLE `auth_permission`
  MODIFY `id` int(11) NOT NULL AUTO_INCREMENT, AUTO_INCREMENT=29;

--
-- AUTO_INCREMENT for table `auth_user`
--
ALTER TABLE `auth_user`
  MODIFY `id` int(11) NOT NULL AUTO_INCREMENT, AUTO_INCREMENT=14;

--
-- AUTO_INCREMENT for table `auth_user_groups`
--
ALTER TABLE `auth_user_groups`
  MODIFY `id` int(11) NOT NULL AUTO_INCREMENT;

--
-- AUTO_INCREMENT for table `auth_user_user_permissions`
--
ALTER TABLE `auth_user_user_permissions`
  MODIFY `id` int(11) NOT NULL AUTO_INCREMENT;

--
-- AUTO_INCREMENT for table `django_admin_log`
--
ALTER TABLE `django_admin_log`
  MODIFY `id` int(11) NOT NULL AUTO_INCREMENT, AUTO_INCREMENT=6;

--
-- AUTO_INCREMENT for table `django_content_type`
--
ALTER TABLE `django_content_type`
  MODIFY `id` int(11) NOT NULL AUTO_INCREMENT, AUTO_INCREMENT=8;

--
-- AUTO_INCREMENT for table `django_migrations`
--
ALTER TABLE `django_migrations`
  MODIFY `id` int(11) NOT NULL AUTO_INCREMENT, AUTO_INCREMENT=20;

--
-- AUTO_INCREMENT for table `party`
--
ALTER TABLE `party`
  MODIFY `id` int(11) NOT NULL AUTO_INCREMENT, AUTO_INCREMENT=37;

--
-- Constraints for dumped tables
--

--
-- Constraints for table `auth_group_permissions`
--
ALTER TABLE `auth_group_permissions`
  ADD CONSTRAINT `auth_group_permissio_permission_id_84c5c92e_fk_auth_perm` FOREIGN KEY (`permission_id`) REFERENCES `auth_permission` (`id`),
  ADD CONSTRAINT `auth_group_permissions_group_id_b120cbf9_fk_auth_group_id` FOREIGN KEY (`group_id`) REFERENCES `auth_group` (`id`);

--
-- Constraints for table `auth_permission`
--
ALTER TABLE `auth_permission`
  ADD CONSTRAINT `auth_permission_content_type_id_2f476e4b_fk_django_co` FOREIGN KEY (`content_type_id`) REFERENCES `django_content_type` (`id`);

--
-- Constraints for table `auth_user_groups`
--
ALTER TABLE `auth_user_groups`
  ADD CONSTRAINT `auth_user_groups_group_id_97559544_fk_auth_group_id` FOREIGN KEY (`group_id`) REFERENCES `auth_group` (`id`),
  ADD CONSTRAINT `auth_user_groups_user_id_6a12ed8b_fk_auth_user_id` FOREIGN KEY (`user_id`) REFERENCES `auth_user` (`id`);

--
-- Constraints for table `auth_user_user_permissions`
--
ALTER TABLE `auth_user_user_permissions`
  ADD CONSTRAINT `auth_user_user_permi_permission_id_1fbb5f2c_fk_auth_perm` FOREIGN KEY (`permission_id`) REFERENCES `auth_permission` (`id`),
  ADD CONSTRAINT `auth_user_user_permissions_user_id_a95ead1b_fk_auth_user_id` FOREIGN KEY (`user_id`) REFERENCES `auth_user` (`id`);

--
-- Constraints for table `django_admin_log`
--
ALTER TABLE `django_admin_log`
  ADD CONSTRAINT `django_admin_log_content_type_id_c4bce8eb_fk_django_co` FOREIGN KEY (`content_type_id`) REFERENCES `django_content_type` (`id`),
  ADD CONSTRAINT `django_admin_log_user_id_c564eba6_fk_auth_user_id` FOREIGN KEY (`user_id`) REFERENCES `auth_user` (`id`);
COMMIT;

/*!40101 SET CHARACTER_SET_CLIENT=@OLD_CHARACTER_SET_CLIENT */;
/*!40101 SET CHARACTER_SET_RESULTS=@OLD_CHARACTER_SET_RESULTS */;
/*!40101 SET COLLATION_CONNECTION=@OLD_COLLATION_CONNECTION */;
